Workbook
Name MethodPointer: 49099728
Name MethodPointer: 170018840
Name MethodPointer: 166869040

Sheet Master Spreadsheet
A1: ID | B1: ECOA | C1: CV | D1: Treatment | E1: Date | F1: Notes
A2: 3.2 (C) | B2: ='10_29_24_RawData_Plate1'!G108 -> 0.146 | C2: 1.939 | D2: Overwinter | E2: 45625
A3: 3.3 (C) | B3: ='10_29_24_RawData_Plate1'!G110 -> 0.449 | C3: 24.306 | D3: Greenhouse | E3: 45625
A4: 7.2 (C) | B4: ='10_29_24_RawData_Plate1'!G112 -> 0.451 | C4: 6.351 | D4: Greenhouse | E4: 45625
A5: 14.5 (C) | B5: ='10_29_24_RawData_Plate1'!G114 -> 0.089 | C5: 38.546 | D5: Overwinter | E5: 45625
A6: 15.1 (C) | B6: ='10_29_24_RawData_Plate1'!G116 -> 0.043 | C6: 244.795 | D6: Greenhouse | E6: 45625
A7: 9.6 (C) | B7: ='10_29_24_RawData_Plate1'!G118 -> 0.151 | C7: 30.314 | D7: Overwinter | E7: 45625
A8: 5.4 (C) | B8: ='10_29_24_RawData_Plate1'!G120 -> 0.156 | C8: 37.715 | D8: Overwinter | E8: 45625
A9: 6.2(C) | B9: ='10_29_24_RawData_Plate1'!G122 -> 0.257 | C9: 13.237 | D9: Greenhouse | E9: 45625
A10: 5.2 (C) | B10: ='10_29_24_RawData_Plate1'!G124 -> 0.123 | C10: 8.711 | D10: Overwinter | E10: 45625
A11: 13.2 (C) | B11: ='10_29_24_RawData_Plate1'!G126 -> 0.298 | C11: 26.746 | D11: Greenhouse | E11: 45625
A12: 6.4 (C) | B12: ='10_29_24_RawData_Plate1'!G128 -> 0.137 | C12: 4.941 | D12: Overwinter | E12: 45625
A13: 12.2 (C) | B13: ='10_29_24_RawData_Plate1'!G130 -> 0.247 | C13: 2.121 | D13: Greenhouse | E13: 45625
A14: 5.5 (C) | B14: ='10_29_24_RawData_Plate1'!G132 -> 0.32 | C14: 36.225 | D14: Greenhouse | E14: 45625
A15: 13.1 (C) | B15: ='10_29_24_RawData_Plate1'!G134 -> 0.148 | C15: 9.365 | D15: Overwinter | E15: 45625
A16: 5.1 (C) | B16: ='10_29_24_RawData_Plate1'!G136 -> 0.397 | C16: 5.072 | D16: Greenhouse | E16: 45625
A17: 12.5 (C) | B17: ='10_29_24_RawData_Plate1'!G138 -> 0.199 | C17: 10.639 | D17: Overwinter | E17: 45625
A18: 10.6 (C) | B18: ='10_29_24_RawData_Plate1'!G140 -> 0.207 | C18: 7.699 | D18: Overwinter | E18: 45625
A19: 10.6 (C) | B19: ='10_29_24_RawData_Plate1'!G142 -> 0.047 | C19: 11.092 | D19: Overwinter | E19: 45625
A20: 10.1 (C) | B20: ='10_29_24_RawData_Plate1'!G144 -> 0.158 | C20: 45.862 | D20: Greenhouse | E20: 45625
A21: 7.3 (C) | B21: ='10_29_24_RawData_Plate1'!G146 -> 0.078 | C21: 26.701 | D21: Overwinter | E21: 45625
A22: 9.4 (C) | B22: ='10_29_24_RawData_Plate1'!G148 -> -0.111 | C22: -1.85 | D22: Greenhouse | E22: 45625
A23: 14.4 (C) | B23: ='10_29_24_RawData_Plate1'!G150 -> 0.173 | C23: 17.571 | D23: Greenhouse | E23: 45625
A24: 15.2 (C) | B24: ='10_29_24_RawData_Plate1'!G152 -> 0.096 | C24: 28.611 | D24: Overwinter | E24: 45625

Sheet 10_29_24_RawData_Plate1
A2: Software Version | B2: 2.09.1
A4: Experiment File Path: | B4: E:\GT_Metabolomics\ECOA_11_29_24_Plate1.xpt
A5: Protocol File Path: | B5: C:\Users\Public\Documents\Protocols\Schwartz_ECOA.prt
A6: Plate Number | B6: Plate 1
A7: Date | B7: 45625
A8: Time | B8: 0.92976852
A9: Reader Type: | B9: Cytation3
A10: Reader Serial Number: | B10: 13081218
A11: Reading Type | B11: Reader
A13: Procedure Details
A14: Plate Type | B14: 96 WELL PLATE
A15: Eject plate on completion
A16: Read | B16: Absorbance Endpoint
B17: Full Plate
B18: Wavelengths: 570
B19: Read Speed: Normal, Delay: 100 msec, Measurements/Data Point: 8
A21: Layout
C23: 1 | D23: 2 | E23: 3 | F23: 4 | G23: 5 | H23: 6 | I23: 7 | J23: 8 | K23: 9 | L23: 10 | M23: 11 | N23: 12
B24: A | C24: BLK | D24: SPL4 | E24: SPL7 | F24: SPL11 | G24: SPL15 | H24: SPL18 | O24: Well ID
B25: B | C25: BLK | D25: SPL4 | E25: SPL7 | F25: SPL11 | G25: SPL15 | H25: SPL18 | O25: Well ID
B26: C | C26: SPL1 | D26: SPL5 | E26: SPL8 | F26: SPL12 | G26: SPL16 | H26: SPL19 | I26: BLK | O26: Well ID
B27: D | C27: SPL1 | D27: SPL5 | E27: SPL8 | F27: SPL12 | G27: SPL16 | H27: SPL19 | I27: BLK | O27: Well ID
B28: E | C28: SPL2 | D28: BLK | E28: SPL9 | F28: SPL13 | G28: SPL17 | H28: SPL20 | I28: SPL22 | O28: Well ID
B29: F | C29: SPL2 | D29: BLK | E29: SPL9 | F29: SPL13 | G29: SPL17 | H29: SPL20 | I29: SPL22 | O29: Well ID
B30: G | C30: SPL3 | D30: SPL6 | E30: SPL10 | F30: SPL14 | G30: BLK | H30: SPL21 | I30: SPL23 | O30: Well ID
B31: H | C31: SPL3 | D31: SPL6 | E31: SPL10 | F31: SPL14 | G31: BLK | H31: SPL21 | I31: SPL23 | O31: Well ID
A33: 570
A34: Actual Temperature: | B34: 26.5
A35: Actual Temperature: | B35: 26.5
A36: Actual Temperature: | B36: 26.5
A37: Actual Temperature: | B37: 26.5
A38: Actual Temperature: | B38: 26.5
B40: Well ID | C40: Well | D40: 570 | E40: Count | F40: Mean | G40: Std Dev | H40: CV (%)
B41: BLK | C41: A1 | D41: 0.049 | E41: 8 | F41: 0.158 | G41: 0.213 | H41: 134.865
C42: B1 | D42: 0.045
C43: C7 | D43: 0.046
C44: D7 | D44: 0.047
C45: G5 | D45: 0.394
C46: H5 | D46: 0.591
C47: E2 | D47: 0.045
C48: F2 | D48: 0.047
B49: SPL1 | C49: C1 | D49: 0.306 | E49: 2 | F49: 0.304 | G49: 0.003 | H49: 0.931
C50: D1 | D50: 0.302
B51: SPL2 | C51: E1 | D51: 0.53 | E51: 2 | F51: 0.607 | G51: 0.109 | H51: 17.983
C52: F1 | D52: 0.684
B53: SPL3 | C53: G1 | D53: 0.589 | E53: 2 | F53: 0.609 | G53: 0.029 | H53: 4.704
C54: H1 | D54: 0.629
B55: SPL4 | C55: A2 | D55: 0.272 | E55: 2 | F55: 0.247 | G55: 0.034 | H55: 13.928
C56: B2 | D56: 0.223
B57: SPL5 | C57: C2 | D57: 0.275 | E57: 2 | F57: 0.201 | G57: 0.105 | H57: 52.236
C58: D2 | D58: 0.127
B59: SPL6 | C59: G2 | D59: 0.276 | E59: 2 | F59: 0.309 | G59: 0.046 | H59: 14.802
C60: H2 | D60: 0.341
B61: SPL7 | C61: A3 | D61: 0.272 | E61: 2 | F61: 0.314 | G61: 0.059 | H61: 18.742
C62: B3 | D62: 0.355
B63: SPL8 | C63: C3 | D63: 0.439 | E63: 2 | F63: 0.415 | G63: 0.034 | H63: 8.199
C64: D3 | D64: 0.391
B65: SPL9 | C65: E3 | D65: 0.274 | E65: 2 | F65: 0.281 | G65: 0.011 | H65: 3.821
C66: F3 | D66: 0.289
B67: SPL10 | C67: G3 | D67: 0.399 | E67: 2 | F67: 0.456 | G67: 0.08 | H67: 17.476
C68: H3 | D68: 0.512
B69: SPL11 | C69: A4 | D69: 0.29 | E69: 2 | F69: 0.295 | G69: 0.007 | H69: 2.299
C70: B4 | D70: 0.3
B71: SPL12 | C71: C4 | D71: 0.408 | E71: 2 | F71: 0.405 | G71: 0.005 | H71: 1.293
C72: D4 | D72: 0.401
B73: SPL13 | C73: E4 | D73: 0.396 | E73: 2 | F73: 0.477 | G73: 0.116 | H73: 24.244
C74: F4 | D74: 0.559
B75: SPL14 | C75: G4 | D75: 0.296 | E75: 2 | F75: 0.306 | G75: 0.014 | H75: 4.531
C76: H4 | D76: 0.316
B77: SPL15 | C77: A5 | D77: 0.541 | E77: 2 | F77: 0.555 | G77: 0.02 | H77: 3.629
C78: B5 | D78: 0.57
B79: SPL16 | C79: C5 | D79: 0.342 | E79: 2 | F79: 0.357 | G79: 0.021 | H79: 5.937
C80: D5 | D80: 0.372
B81: SPL17 | C81: E5 | D81: 0.376 | E81: 2 | F81: 0.365 | G81: 0.016 | H81: 4.364
C82: F5 | D82: 0.353
B83: SPL18 | C83: A6 | D83: 0.201 | E83: 2 | F83: 0.204 | G83: 0.005 | H83: 2.525
C84: B6 | D84: 0.208
B85: SPL19 | C85: C6 | D85: 0.265 | E85: 2 | F85: 0.316 | G85: 0.072 | H85: 22.94
C86: D6 | D86: 0.367
B87: SPL20 | C87: E6 | D87: 0.222 | E87: 2 | F87: 0.236 | G87: 0.021 | H87: 8.858
C88: F6 | D88: 0.251
B89: SPL21 | C89: G6 | D89: 0.049 | E89: 2 | F89: 0.047 | G89: 0.002 | H89: 4.358
C90: H6 | D90: 0.046
B91: SPL22 | C91: E7 | D91: 0.309 | E91: 2 | F91: 0.331 | G91: 0.03 | H91: 9.177
C92: F7 | D92: 0.352
B93: SPL23 | C93: G7 | D93: 0.235 | E93: 2 | F93: 0.254 | G93: 0.028 | H93: 10.844
C94: H7 | D94: 0.274
A96: Blank 570
A97: Actual Temperature: | B97: 26.5
B99: Well ID | C99: Well | D99: 570 | E99: Blank 570 | F99: Count | G99: Mean | H99: Std Dev | I99: CV (%)
B100: BLK | C100: A1 | D100: 0.049 | E100: -0.109 | F100: 8 | G100: 0 | H100: 0.213 | I100: -3.0692084e+18
C101: B1 | D101: 0.045 | E101: -0.113
C102: C7 | D102: 0.046 | E102: -0.112
C103: D7 | D103: 0.047 | E103: -0.111
C104: G5 | D104: 0.394 | E104: 0.236
C105: H5 | D105: 0.591 | E105: 0.433
C106: E2 | D106: 0.045 | E106: -0.113
C107: F2 | D107: 0.047 | E107: -0.111
B108: SPL1 | C108: C1 | D108: 0.306 | E108: 0.148 | F108: 2 | G108: 0.146 | H108: 0.003 | I108: 1.939
C109: D1 | D109: 0.302 | E109: 0.144
...

Sheet ECOA_10_10_24_RawData
A2: Software Version | B2: 2.09.1
A4: Experiment File Path: | B4: E:\GT_Metabolomics\2024_10_10_ECOA_Optimization.xpt
A5: Protocol File Path: | B5: C:\Users\Public\Documents\Protocols\Schwartz_ECOA.prt
A6: Plate Number | B6: Plate 1
A7: Date | B7: 45575
A8: Time | B8: 0.75822917
A9: Reader Type: | B9: Cytation3
A10: Reader Serial Number: | B10: 13081218
A11: Reading Type | B11: Reader
A13: Procedure Details
A14: Plate Type | B14: 96 WELL PLATE
A15: Eject plate on completion
A16: Read | B16: Absorbance Endpoint
B17: Random
B18: Wavelengths: 570
B19: Read Speed: Normal, Delay: 100 msec, Measurements/Data Point: 8
A21: Layout
C23: 1 | D23: 2 | E23: 3 | F23: 4 | G23: 5 | H23: 6 | I23: 7 | J23: 8 | K23: 9 | L23: 10 | M23: 11 | N23: 12
B24: A | C24: BLK | D24: STD4 | E24: SPL4 | F24: SPL8 | O24: Well ID
D25: 1000 | O25: Conc/Dil
B26: B | C26: BLK | D26: STD4 | E26: SPL4 | F26: SPL8 | O26: Well ID
D27: 1000 | O27: Conc/Dil
B28: C | C28: STD1 | D28: SPL1 | E28: SPL5 | F28: SPL9 | O28: Well ID
C29: 0 | O29: Conc/Dil
B30: D | C30: STD1 | D30: SPL1 | E30: SPL5 | F30: SPL9 | O30: Well ID
C31: 0 | O31: Conc/Dil
B32: E | C32: STD2 | D32: SPL2 | E32: SPL6 | F32: SPL10 | O32: Well ID
C33: 300 | O33: Conc/Dil
B34: F | C34: STD2 | D34: SPL2 | E34: SPL6 | F34: SPL10 | O34: Well ID
C35: 300 | O35: Conc/Dil
B36: G | C36: STD3 | D36: SPL3 | E36: SPL7 | O36: Well ID
C37: 600 | O37: Conc/Dil
B38: H | C38: STD3 | D38: SPL3 | E38: SPL7 | O38: Well ID
C39: 600 | O39: Conc/Dil
A41: Results
A42: Actual Temperature: | B42: 23.3
B44: Well ID | C44: Well | D44: Conc/Dil | E44: 570 | F44: Blank 570 | G44: Count | H44: Mean | I44: Std Dev | J44: CV (%)
B45: BLK | C45: A1 | E45: 0.048 | F45: 0.001 | G45: 2 | H45: 0 | I45: 0.001 | J45: 2.6495255e+16
C46: B1 | E46: 0.047 | F46: -0.001
B47: SPL1 | C47: C2 | E47: 1.555 | F47: 1.508 | G47: 2 | H47: 1.493 | I47: 0.022 | J47: 1.459
C48: D2 | E48: 1.524 | F48: 1.477
B49: SPL2 | C49: E2 | E49: 2.141 | F49: 2.094 | G49: 2 | H49: 1.676 | I49: 0.591 | J49: 35.294
C50: F2 | E50: 1.305 | F50: 1.258
B51: SPL3 | C51: G2 | E51: 1.02 | F51: 0.973 | G51: 2 | H51: 0.976 | I51: 0.004 | J51: 0.435
C52: H2 | E52: 1.026 | F52: 0.979
B53: SPL4 | C53: A3 | E53: 0.709 | F53: 0.662 | G53: 2 | H53: 0.673 | I53: 0.016 | J53: 2.394
C54: B3 | E54: 0.732 | F54: 0.685
B55: SPL5 | C55: C3 | E55: 1.584 | F55: 1.537 | G55: 2 | H55: 1.522 | I55: 0.02 | J55: 1.342
C56: D3 | E56: 1.555 | F56: 1.508
B57: SPL6 | C57: E3 | E57: 1.298 | F57: 1.251 | G57: 2 | H57: 1.252 | I57: 0.001 | J57: 0.085
C58: F3 | E58: 1.3 | F58: 1.252
B59: SPL7 | C59: G3 | E59: 0.879 | F59: 0.832 | G59: 2 | H59: 0.826 | I59: 0.009 | J59: 1.113
C60: H3 | E60: 0.866 | F60: 0.819
B61: SPL8 | C61: A4 | E61: 0.512 | F61: 0.465 | G61: 2 | H61: 0.467 | I61: 0.002 | J61: 0.515
C62: B4 | E62: 0.515 | F62: 0.468
B63: SPL9 | C63: C4 | E63: 1.621 | F63: 1.574 | G63: 2 | H63: 1.554 | I63: 0.028 | J63: 1.797
C64: D4 | E64: 1.582 | F64: 1.535
B65: SPL10 | C65: E4 | E65: 1.482 | F65: 1.435 | G65: 2 | H65: 1.149 | I65: 0.405 | J65: 35.254
C66: F4 | E66: 0.909 | F66: 0.862
B67: STD1 | C67: C1 | D67: 0 | E67: 0.106 | F67: 0.059 | G67: 2 | H67: 0.038 | I67: 0.03 | J67: 79.585
C68: D1 | D68: 0 | E68: 0.064 | F68: 0.017
B69: STD2 | C69: E1 | D69: 300 | E69: 0.064 | F69: 0.017 | G69: 2 | H69: 0.015 | I69: 0.002 | J69: 12.898
C70: F1 | D70: 300 | E70: 0.061 | F70: 0.014
B71: STD3 | C71: G1 | D71: 600 | E71: 0.066 | F71: 0.019 | G71: 2 | H71: 0.015 | I71: 0.006 | J71: 36.405
C72: H1 | D72: 600 | E72: 0.058 | F72: 0.011
B73: STD4 | C73: A2 | D73: 1000 | E73: 0.068 | F73: 0.021 | G73: 2 | H73: 0.148 | I73: 0.179 | J73: 121.082
C74: B2 | D74: 1000 | E74: 0.321 | F74: 0.274

Sheet ECOA_10_10_24_Optimization
A1: Standard | B1: Absorbance | C1: Mean | D1: CV | F1: CorrAbs | H1: Concentation | I1: Log (Conc)
A2: Blank | B2: =ECOA_10_10_24_RawData!E45 -> 0.048 | C2: =AVERAGE(B2,B3) -> 0.0475 | D2: =100*(STDEV(B2,B3)/C2) -> 1.4886459 | F2: =C2-$C$2 -> 0 | H2: 0
A3: Blank | B3: =ECOA_10_10_24_RawData!E46 -> 0.047 | K3: Data for Plot
A4: STD_0 | B4: =ECOA_10_10_24_RawData!E67 -> 0.106 | C4: =AVERAGE(B4,B5) -> 0.085 | D4: =100*(STDEV(B4,B5)/C4) -> 34.939394 | F4: =C4-$C$2 -> 0.0375 | H4: 0 | I4: 0 | K4: 0 | L4: =G2 -> 0
A5: STD_0 | B5: =ECOA_10_10_24_RawData!E68 -> 0.064 | K5: 300 | L5: =F4 -> 0.0375 | N5: NOTES | O5: Issue with Standard Curve
A6: STD_1 | B6: =ECOA_10_10_24_RawData!E69 -> 0.064 | C6: =AVERAGE(B6,B7) -> 0.0625 | D6: =100*(STDEV(B6,B7)/C6) -> 3.3941125 | F6: =C6-$C$2 -> 0.015 | H6: 300 | I6: =LOG10(H6) -> 2.4771213 | K6: 600 | L6: =F6 -> 0.015
A7: STD_1 | B7: =ECOA_10_10_24_RawData!E70 -> 0.061 | K7: 1000 | L7: =F8 -> 0.0145
A8: STD_2 | B8: =ECOA_10_10_24_RawData!E71 -> 0.066 | C8: =AVERAGE(B8,B9) -> 0.062 | D8: =100*(STDEV(B8,B9)/C8) -> 9.1239585 | F8: =C8-$C$2 -> 0.0145 | H8: 600 | I8: =LOG10(H8) -> 2.7781513
A9: STD_2 | B9: =ECOA_10_10_24_RawData!E72 -> 0.058 | K9: Slope | L9: 5e-06
A10: STD_3 | B10: =ECOA_10_10_24_RawData!E73 -> 0.068 | C10: =AVERAGE(B10,B11) -> 0.1945 | D10: =100*(STDEV(B10,B11)/C10) -> 91.978414 | F10: =C10-$C$2 -> 0.147 | H10: 1000 | I10: =LOG10(H10) -> 3 | K10: Intercept | L10: 0.0142
A11: STD_3 | B11: =ECOA_10_10_24_RawData!E74 -> 0.321
A13: Sample Name | B13: Absorbance | C13: Mean | D13: CV | E13: CorrAbs | F13: Final Concentration | G13: Corrected Concentration
A14: GH_Pool | B14: =ECOA_10_10_24_RawData!E47 -> 1.555 | C14: =AVERAGE(B14,B15) -> 1.5395 | D14: =100*(STDEV(B14,B15)/C14) -> 1.4238591 | E14: =C14-$C$2 -> 1.492 | F14: =(E14-$L$10)/$L$9 -> 295560 | G14: =F14 -> 295560
B15: =ECOA_10_10_24_RawData!E48 -> 1.524
A16: GH_Pool_1:2 | B16: =ECOA_10_10_24_RawData!E49 -> 2.141 | C16: =AVERAGE(B16,B17) -> 1.723 | D16: =100*(STDEV(B16,B17)/C16) -> 34.308837 | E16: =C16-$C$2 -> 1.6755 | F16: =(E16-$L$10)/$L$9 -> 332260 | G16: =F16/2 -> 166130
B17: =ECOA_10_10_24_RawData!E50 -> 1.305
A18: GH_Pool_1:4 | B18: =ECOA_10_10_24_RawData!E51 -> 1.02 | C18: =AVERAGE(B18,B19) -> 1.023 | D18: =100*(STDEV(B18,B19)/C18) -> 0.41472538 | E18: =C18-$C$2 -> 0.9755 | F18: =(E18-$L$10)/$L$9 -> 192260 | G18: =F18/4 -> 48065
B19: =ECOA_10_10_24_RawData!E52 -> 1.026 | H19: Sample Color Scheme: | J19: Overwinter | K19: Greenhouse
A20: GH_Pool_1:8 | B20: =ECOA_10_10_24_RawData!E53 -> 0.709 | C20: =AVERAGE(B20,B21) -> 0.7205 | D20: =100*(STDEV(B20,B21)/C20) -> 2.2572458 | E20: =C20-$C$2 -> 0.673 | F20: =(E20-$L$10)/$L$9 -> 131760 | G20: =F20/8 -> 16470 | H20: Red highlight means CV > 10
B21: =ECOA_10_10_24_RawData!E54 -> 0.732
A22: OW_Pool | B22: =ECOA_10_10_24_RawData!E55 -> 1.584 | C22: =AVERAGE(B22,B23) -> 1.5695 | D22: =100*(STDEV(B22,B23)/C22) -> 1.3065369 | E22: =C22-$C$2 -> 1.522 | F22: =(E22-$L$10)/$L$9 -> 301560 | G22: =F22 -> 301560 | I22: dilution | J22: Overwinter | K22: Greenhouse
B23: =ECOA_10_10_24_RawData!E56 -> 1.555 | I23: 1 | J23: 1.5695 | K23: 1.5395
A24: OW_Pool_1:2 | B24: =ECOA_10_10_24_RawData!E57 -> 1.298 | C24: =AVERAGE(B24,B25) -> 1.299 | D24: =100*(STDEV(B24,B25)/C24) -> 0.1088694 | E24: =C24-$C$2 -> 1.2515 | F24: =(E24-$L$10)/$L$9 -> 247460 | G24: =F24/2 -> 123730 | I24: 0.5 | J24: 1.299 | K24: 1.723
B25: =ECOA_10_10_24_RawData!E58 -> 1.3 | I25: 0.25 | J25: 0.8725 | K25: 1.023 | N25: 3
A26: OW_Pool_1:4 | B26: =ECOA_10_10_24_RawData!E59 -> 0.879 | C26: =AVERAGE(B26,B27) -> 0.8725 | D26: =100*(STDEV(B26,B27)/C26) -> 1.0535688 | E26: =C26-$C$2 -> 0.825 | F26: =(E26-$L$10)/$L$9 -> 162160 | G26: =F26/4 -> 40540 | I26: 0.125 | J26: 0.5135 | K26: 0.7205 | N26: 1
B27: =ECOA_10_10_24_RawData!E60 -> 0.866
A28: OW_Pool_1:8 | B28: =ECOA_10_10_24_RawData!E61 -> 0.512 | C28: =AVERAGE(B28,B29) -> 0.5135 | D28: =100*(STDEV(B28,B29)/C28) -> 0.4131101 | E28: =C28-$C$2 -> 0.466 | F28: =(E28-$L$10)/$L$9 -> 90360 | G28: =F28/8 -> 11295
B29: =ECOA_10_10_24_RawData!E62 -> 0.515
A30: 3.2 | B30: =ECOA_10_10_24_RawData!E63 -> 1.621 | C30: =AVERAGE(B30,B31) -> 1.6015 | D30: =100*(STDEV(B30,B31)/C30) -> 1.7219584 | E30: =C30-$C$2 -> 1.554 | F30: =(E30-$L$10)/$L$9 -> 307960 | G30: =F30 -> 307960
B31: =ECOA_10_10_24_RawData!E64 -> 1.582
A32: 5.2 | B32: =ECOA_10_10_24_RawData!E65 -> 1.482 | C32: =AVERAGE(B32,B33) -> 1.1955 | D32: =100*(STDEV(B32,B33)/C32) -> 33.891442 | E32: =C32-$C$2 -> 1.148 | F32: =(E32-$L$10)/$L$9 -> 226760 | G32: =F32 -> 226760
B33: =ECOA_10_10_24_RawData!E66 -> 0.909
A35: NOTES: | B35: Repeat assay and remake STD curve.
