Workbook
Name MethodPointer: 166869040
Name MethodPointer: 168934704
Name MethodPointer: 166869040
Name MethodPointer: 172016408
Name MethodPointer: 166869040
Name MethodPointer: 171201064
Name MethodPointer: 166869040
Name MethodPointer: 168882816
Name MethodPointer: 166869040
Name MethodPointer: 159441416
Name MethodPointer: 166869040
Name MethodPointer: 166869040
Name MethodPointer: 11486024
Name MethodPointer: 166869040
Name MethodPointer: 42203784
Name MethodPointer: 159003584

Sheet Plate5_Analysis_11_29
A1: Standard | B1: Absorbance | C1: Mean | D1: CV | F1: CorrAbs | H1: Concentation | K1: Data for Plot
A2: Blank | B2: =Plate5_RawData_11_29!E49 -> 0.044 | C2: =AVERAGE(B2,B3) -> 0.0435 | D2: =100*(STDEV(B2,B3)/C2) -> 1.6255328 | F2: =C2-$C$2 -> 0 | H2: 0 | K2: 0 | L2: =F4 -> -0.0015
A3: Blank | B3: =Plate5_RawData_11_29!E50 -> 0.043 | K3: 12.5 | L3: =F6 -> 0.0135
A4: S0 | B4: =Plate5_RawData_11_29!E101 -> 0.045 | C4: 0.042 | D4: =100*(STDEV(B4,B5)/C4) -> 8.4179379 | F4: =C4-$C$2 -> -0.0015 | H4: 0 | K4: 50 | L4: =F8 -> 0.0585
A5: S0 | B5: =Plate5_RawData_11_29!E102 -> 0.05 | K5: 100 | L5: =F10 -> 0.102
A6: S1 | B6: =Plate5_RawData_11_29!E103 -> 0.057 | C6: =AVERAGE(B6,B7) -> 0.057 | D6: =100*(STDEV(B6,B7)/C6) -> 0 | F6: =C6-$C$2 -> 0.0135 | H6: 12.5 | K6: 150 | L6: =F12 -> 0.154
A7: S1 | B7: =Plate5_RawData_11_29!E104 -> 0.057 | K7: 200 | L7: =F14 -> 0.189
A8: S3 | B8: =Plate5_RawData_11_29!E105 -> 0.102 | C8: =AVERAGE(B8,B9) -> 0.102 | D8: =100*(STDEV(B8,B9)/C8) -> 0 | F8: =C8-$C$2 -> 0.0585 | H8: 50
A9: S3 | B9: =Plate5_RawData_11_29!E106 -> 0.102 | K9: Slope | L9: 0.001
A10: S5 | B10: =Plate5_RawData_11_29!E107 -> 0.141 | C10: =AVERAGE(B10,B11) -> 0.1455 | D10: =100*(STDEV(B10,B11)/C10) -> 4.3738564 | F10: =C10-$C$2 -> 0.102 | H10: 100 | K10: Intercept | L10: 0.0038
A11: S5 | B11: =Plate5_RawData_11_29!E108 -> 0.15
A12: S7 | B12: =Plate5_RawData_11_29!E109 -> 0.19 | C12: =AVERAGE(B12,B13) -> 0.1975 | D12: =100*(STDEV(B12,B13)/C12) -> 5.3704312 | F12: =C12-$C$2 -> 0.154 | H12: 150
A13: S7 | B13: =Plate5_RawData_11_29!E110 -> 0.205
A14: S9 | B14: =Plate5_RawData_11_29!E111 -> 0.228 | C14: =AVERAGE(B14,B15) -> 0.2325 | D14: =100*(STDEV(B14,B15)/C14) -> 2.7371875 | F14: =C14-$C$2 -> 0.189 | H14: 200
A15: S9 | B15: =Plate5_RawData_11_29!E112 -> 0.237
A20: Sample Name | B20: Absorbance | C20: Mean | D20: CV | E20: CorrAbs | F20: Final Concentration | H20: Color Scheme: | J20: Overwinter | K20: Greenhouse
A21: 2.2 (A) | B21: =Plate5_RawData_11_29!E67 -> 0.122 | C21: =AVERAGE(B21,B22) -> 0.124 | D21: =100*(STDEV(B21,B22)/C21) -> 2.2809896 | E21: =C21-$C$2 -> 0.0805 | F21: =(E21-$L$10)/$L$9 -> 76.7
B22: =Plate5_RawData_11_29!E68 -> 0.126
A23: 10.1 (A) | B23: =Plate5_RawData_11_29!E69 -> 0.126 | C23: =AVERAGE(B23,B24) -> 0.1265 | D23: =100*(STDEV(B23,B24)/C23) -> 0.55897769 | E23: =C23-$C$2 -> 0.083 | F23: =(E23-$L$10)/$L$9 -> 79.2
B24: =Plate5_RawData_11_29!E70 -> 0.127
A25: 15.2 (A) | B25: =Plate5_RawData_11_29!E71 -> 0.119 | C25: =AVERAGE(B25,B26) -> 0.124 | D25: =100*(STDEV(B25,B26)/C25) -> 5.702474 | E25: =C25-$C$2 -> 0.0805 | F25: =(E25-$L$10)/$L$9 -> 76.7
B26: =Plate5_RawData_11_29!E72 -> 0.129
A27: 10.1 (D) | B27: =Plate5_RawData_11_29!E73 -> 0.052 | C27: =AVERAGE(B27,B28) -> 0.052 | D27: =100*(STDEV(B27,B28)/C27) -> 0 | E27: =C27-$C$2 -> 0.0085 | F27: =(E27-$L$10)/$L$9 -> 4.7 | J27: Timepoint | K27: Label
B28: =Plate5_RawData_11_29!E74 -> 0.052 | J28: Baseline | K28: A
A29: 12.5 (A) | B29: =Plate5_RawData_11_29!E75 -> 0.125 | C29: =AVERAGE(B29,B30) -> 0.1255 | D29: =100*(STDEV(B29,B30)/C29) -> 0.5634317 | E29: =C29-$C$2 -> 0.082 | F29: =(E29-$L$10)/$L$9 -> 78.2 | J29: Cold Dormancy | K29: B
B30: =Plate5_RawData_11_29!E76 -> 0.126 | J30: 3 weeks | K30: C
A31: 10.1 (C) | B31: =Plate5_RawData_11_29!E77 -> 0.106 | C31: =AVERAGE(B31,B32) -> 0.1065 | D31: =100*(STDEV(B31,B32)/C31) -> 0.66395003 | E31: =C31-$C$2 -> 0.063 | F31: =(E31-$L$10)/$L$9 -> 59.2 | J31: 3 months | K31: D
B32: =Plate5_RawData_11_29!E78 -> 0.107
A33: 9.3 (D) | B33: =Plate5_RawData_11_29!E79 -> 0.153 | C33: =AVERAGE(B33,B34) -> 0.15 | D33: =100*(STDEV(B33,B34)/C33) -> 2.8284271 | E33: =C33-$C$2 -> 0.1065 | F33: =(E33-$L$10)/$L$9 -> 102.7
B34: =Plate5_RawData_11_29!E80 -> 0.147
A35: 15.2 (C) | B35: =Plate5_RawData_11_29!E81 -> 0.082 | C35: =AVERAGE(B35,B36) -> 0.0815 | D35: =100*(STDEV(B35,B36)/C35) -> 0.86761568 | E35: =C35-$C$2 -> 0.038 | F35: =(E35-$L$10)/$L$9 -> 34.2
B36: =Plate5_RawData_11_29!E82 -> 0.081
A37: 2.2 (A) | B37: =Plate5_RawData_11_29!E83 -> 0.115 | C37: =AVERAGE(B37,B38) -> 0.116 | D37: =100*(STDEV(B37,B38)/C37) -> 1.2191496 | E37: =C37-$C$2 -> 0.0725 | F37: =(E37-$L$10)/$L$9 -> 68.7
B38: =Plate5_RawData_11_29!E84 -> 0.117
A39: 12.5 (C) | B39: =Plate5_RawData_11_29!E85 -> 0.064 | C39: =AVERAGE(B39,B40) -> 0.0645 | D39: =100*(STDEV(B39,B40)/C39) -> 1.0962896 | E39: =C39-$C$2 -> 0.021 | F39: =(E39-$L$10)/$L$9 -> 17.2
B40: =Plate5_RawData_11_29!E86 -> 0.065
A41: 15.1 (D) | B41: =Plate5_RawData_11_29!E87 -> 0.134 | C41: =AVERAGE(B41,B42) -> 0.135 | D41: =100*(STDEV(B41,B42)/C41) -> 1.0475656 | E41: =C41-$C$2 -> 0.0915 | F41: =(E41-$L$10)/$L$9 -> 87.7
B42: =Plate5_RawData_11_29!E88 -> 0.136
A43: 15.1 (A) | B43: =Plate5_RawData_11_29!E89 -> 0.087 | C43: =AVERAGE(B43,B44) -> 0.084 | D43: =100*(STDEV(B43,B44)/C43) -> 5.0507627 | E43: =C43-$C$2 -> 0.0405 | F43: =(E43-$L$10)/$L$9 -> 36.7
B44: =Plate5_RawData_11_29!E90 -> 0.081
A45: 9.3 (C) | B45: =Plate5_RawData_11_29!E91 -> 0.074 | C45: =AVERAGE(B45,B46) -> 0.075 | D45: =100*(STDEV(B45,B46)/C45) -> 1.8856181 | E45: =C45-$C$2 -> 0.0315 | F45: =(E45-$L$10)/$L$9 -> 27.7
B46: =Plate5_RawData_11_29!E92 -> 0.076
A47: 15.1 (C) | B47: =Plate5_RawData_11_29!E93 -> 0.088 | C47: =AVERAGE(B47,B48) -> 0.0875 | D47: =100*(STDEV(B47,B48)/C47) -> 0.80812204 | E47: =C47-$C$2 -> 0.044 | F47: =(E47-$L$10)/$L$9 -> 40.2
B48: =Plate5_RawData_11_29!E94 -> 0.087
A49: 15.2 (D) | B49: =Plate5_RawData_11_29!E95 -> 0.159 | C49: =AVERAGE(B49,B50) -> 0.1015 | D49: =100*(STDEV(B49,B50)/C49) -> 80.115547 | E49: =C49-$C$2 -> 0.058 | F49: =(E49-$L$10)/$L$9 -> 54.2 | I49: Bubbles while pipetting
B50: =Plate5_RawData_11_29!E96 -> 0.044
A51: 12.5 (D) | B51: =Plate5_RawData_11_29!E97 -> 0.186 | C51: =AVERAGE(B51,B52) -> 0.1865 | D51: =100*(STDEV(B51,B52)/C51) -> 0.37914573 | E51: =C51-$C$2 -> 0.143 | F51: =(E51-$L$10)/$L$9 -> 139.2
B52: =Plate5_RawData_11_29!E98 -> 0.187
A53: 9.3 (A) | B53: =Plate5_RawData_11_29!E99 -> 0.115 | C53: =AVERAGE(B53,B54) -> 0.1035 | D53: =100*(STDEV(B53,B54)/C53) -> 15.713484 | E53: =C53-$C$2 -> 0.06 | F53: =(E53-$L$10)/$L$9 -> 56.2
B54: =Plate5_RawData_11_29!E100 -> 0.092

Sheet Plate5_RawData_11_29
A2: Software Version | B2: 2.09.1
A4: Experiment File Path: | B4: E:\GT_Metabolomics\TRIG_11_29_24_Plate5.xpt
A5: Protocol File Path: | B5: C:\Users\Public\Documents\Protocols\Schwartz_TRIG.prt
A6: Plate Number | B6: Plate 1
A7: Date | B7: 45625
A8: Time | B8: 0.92414352
A9: Reader Type: | B9: Cytation3
A10: Reader Serial Number: | B10: 13081218
A11: Reading Type | B11: Reader
A13: Procedure Details
A14: Plate Type | B14: 96 WELL PLATE
A15: Eject plate on completion
A16: Read | B16: Absorbance Endpoint
B17: Full Plate
B18: Wavelengths: 500
B19: Read Speed: Normal, Delay: 100 msec, Measurements/Data Point: 8
A21: Layout
C23: 1 | D23: 2 | E23: 3 | F23: 4 | G23: 5 | H23: 6 | I23: 7 | J23: 8 | K23: 9 | L23: 10 | M23: 11 | N23: 12
B24: A | C24: BLK | D24: STD4 | E24: SPL2 | F24: SPL6 | G24: BLK | H24: SPL14 | I24: BLK | J24: SPL22 | O24: Well ID
D25: 100 | O25: Conc/Dil
B26: B | C26: BLK | D26: STD4 | E26: SPL2 | F26: SPL6 | G26: BLK | H26: SPL14 | I26: BLK | J26: SPL22 | O26: Well ID
D27: 100 | O27: Conc/Dil
B28: C | C28: STD1 | D28: STD5 | E28: SPL3 | F28: SPL7 | G28: SPL11 | H28: BLK | I28: SPL19 | J28: SPL23 | O28: Well ID
C29: 0 | D29: 150 | O29: Conc/Dil
B30: D | C30: STD1 | D30: STD5 | E30: SPL3 | F30: SPL7 | G30: SPL11 | H30: BLK | I30: SPL19 | J30: SPL23 | O30: Well ID
C31: 0 | D31: 150 | O31: Conc/Dil
B32: E | C32: STD2 | D32: STD6 | E32: BLK | F32: SPL8 | G32: SPL12 | H32: SPL16 | I32: BLK | J32: SPL24 | O32: Well ID
C33: 12.5 | D33: 200 | O33: Conc/Dil
B34: F | C34: STD2 | D34: STD6 | E34: BLK | F34: SPL8 | G34: SPL12 | H34: SPL16 | I34: BLK | J34: SPL24 | O34: Well ID
C35: 12.5 | D35: 200 | O35: Conc/Dil
B36: G | C36: STD3 | D36: SPL1 | E36: BLK | F36: SPL9 | G36: BLK | H36: BLK | I36: SPL21 | J36: SPL25 | O36: Well ID
C37: 50 | O37: Conc/Dil
B38: H | C38: STD3 | D38: SPL1 | E38: BLK | F38: SPL9 | G38: BLK | H38: BLK | I38: SPL21 | J38: SPL25 | O38: Well ID
C39: 50 | O39: Conc/Dil
A41: 500
A42: Actual Temperature: | B42: 26.5
A43: Actual Temperature: | B43: 26.5
A44: Actual Temperature: | B44: 26.5
A45: Actual Temperature: | B45: 26.5
A46: Actual Temperature: | B46: 26.5
B48: Well ID | C48: Well | D48: Conc/Dil | E48: 500 | F48: Count | G48: Mean | H48: Std Dev | I48: CV (%)
B49: BLK | C49: A1 | E49: 0.044 | F49: 18 | G49: 0.044 | H49: 0.002 | I49: 4.503
C50: B1 | E50: 0.043
C51: E3 | E51: 0.043
C52: F3 | E52: 0.043
C53: G3 | E53: 0.043
C54: H3 | E54: 0.043
C55: A5 | E55: 0.043
C56: B5 | E56: 0.043
C57: G5 | E57: 0.044
C58: H5 | E58: 0.043
C59: G6 | E59: 0.046
C60: H6 | E60: 0.044
C61: C6 | E61: 0.043
... C66: F7 | E66: 0.044
B67: SPL1 | C67: G2 | E67: 0.122 | F67: 2 | G67: 0.124 | H67: 0.002 | I67: 1.998
C68: H2 | E68: 0.126
B69: SPL2 | C69: A3 | E69: 0.126 | F69: 2 | G69: 0.126 | H69: 0.001 | I69: 0.561
C70: B3 | E70: 0.127
B71: SPL3 | C71: C3 | E71: 0.119 | F71: 2 | G71: 0.124 | H71: 0.007 | I71: 5.639
C72: D3 | E72: 0.129
B73: SPL6 | C73: A4 | E73: 0.052 | F73: 2 | G73: 0.052 | H73: 0 | I73: 0.677
C74: B4 | E74: 0.052
B75: SPL7 | C75: C4 | E75: 0.125 | F75: 2 | G75: 0.125 | H75: 0 | I75: 0.339
C76: D4 | E76: 0.126
B77: SPL8 | C77: E4 | E77: 0.106 | F77: 2 | G77: 0.107 | H77: 0.001 | I77: 0.663
C78: F4 | E78: 0.107
B79: SPL9 | C79: G4 | E79: 0.153 | F79: 2 | G79: 0.15 | H79: 0.004 | I79: 2.636
C80: H4 | E80: 0.147
B81: SPL11 | C81: C5 | E81: 0.082 | F81: 2 | G81: 0.081 | H81: 0.001 | I81: 0.96
C82: D5 | E82: 0.081
B83: SPL12 | C83: E5 | E83: 0.115 | F83: 2 | G83: 0.116 | H83: 0.001 | I83: 1.284
C84: F5 | E84: 0.117
B85: SPL14 | C85: A6 | E85: 0.064 | F85: 2 | G85: 0.065 | H85: 0.001 | I85: 1.096
C86: B6 | E86: 0.065
B87: SPL16 | C87: E6 | E87: 0.134 | F87: 2 | G87: 0.135 | H87: 0.001 | I87: 0.837
C88: F6 | E88: 0.136
B89: SPL19 | C89: C7 | E89: 0.087 | F89: 2 | G89: 0.084 | H89: 0.004 | I89: 4.97
C90: D7 | E90: 0.081
B91: SPL21 | C91: G7 | E91: 0.074 | F91: 2 | G91: 0.075 | H91: 0.001 | I91: 1.511
C92: H7 | E92: 0.076
B93: SPL22 | C93: A8 | E93: 0.088 | F93: 2 | G93: 0.087 | H93: 0.001 | I93: 0.973
C94: B8 | E94: 0.087
B95: SPL23 | C95: C8 | E95: 0.159 | F95: 2 | G95: 0.102 | H95: 0.081 | I95: 79.789
C96: D8 | E96: 0.044
B97: SPL24 | C97: E8 | E97: 0.186 | F97: 2 | G97: 0.186 | H97: 0.001 | I97: 0.683
C98: F8 | E98: 0.187
B99: SPL25 | C99: G8 | E99: 0.115 | F99: 2 | G99: 0.103 | H99: 0.016 | I99: 15.698
C100: H8 | E100: 0.092
B101: STD1 | C101: C1 | D101: 0 | E101: 0.045 | F101: 2 | G101: 0.048 | H101: 0.004 | I101: 7.741
C102: D1 | D102: 0 | E102: 0.05
B103: STD2 | C103: E1 | D103: 12.5 | E103: 0.057 | F103: 2 | G103: 0.057 | H103: 0 | I103: 0.868
C104: F1 | D104: 12.5 | E104: 0.057
B105: STD3 | C105: G1 | D105: 50 | E105: 0.102 | F105: 2 | G105: 0.102 | H105: 0 | I105: 0.209
C106: H1 | D106: 50 | E106: 0.102
B107: STD4 | C107: A2 | D107: 100 | E107: 0.141 | F107: 2 | G107: 0.146 | H107: 0.006 | I107: 3.935
C108: B2 | D108: 100 | E108: 0.15
B109: STD5 | C109: C2 | D109: 150 | E109: 0.19 | F109: 2 | G109: 0.197 | H109: 0.011 | I109: 5.622
C110: D2 | D110: 150 | E110: 0.205
B111: STD6 | C111: E2 | D111: 200 | E111: 0.228 | F111: 2 | G111: 0.232 | H111: 0.007 | I111: 3.041
...

Sheet Plate4_Analysis_11_29
A1: Standard | B1: Absorbance | C1: Mean | D1: CV | F1: CorrAbs | H1: Concentation | K1: Data for Plot
A2: Blank | B2: =Plate4_RawData_11_29!E190 -> 0.042 | C2: =AVERAGE(B2,B3) -> 0.0435 | D2: =100*(STDEV(B2,B3)/C2) -> 4.8765985 | F2: =C2-$C$2 -> 0 | H2: 0 | K2: 0 | L2: =F4 -> -0.0015
A3: Blank | B3: =Plate4_RawData_11_29!E191 -> 0.045 | K3: 12.5 | L3: =F6 -> 0.0135
A4: S0 | B4: =Plate4_RawData_11_29!E274 -> 0.044 | C4: 0.042 | D4: =100*(STDEV(B4,B5)/C4) -> 1.6835876 | F4: =C4-$C$2 -> -0.0015 | H4: 0 | K4: 50 | L4: =F8 -> 0.051
A5: S0 | B5: =Plate4_RawData_11_29!E275 -> 0.043 | K5: 100 | L5: =F10 -> 0.108
A6: S1 | B6: =Plate4_RawData_11_29!E276 -> 0.055 | C6: =AVERAGE(B6,B7) -> 0.057 | D6: =100*(STDEV(B6,B7)/C6) -> 4.9621529 | F6: =C6-$C$2 -> 0.0135 | H6: 12.5 | K6: 150 | L6: =F12 -> 0.1405
A7: S1 | B7: =Plate4_RawData_11_29!E277 -> 0.059 | K7: 200 | L7: =F14 -> 0.191
A8: S3 | B8: =Plate4_RawData_11_29!E278 -> 0.093 | C8: =AVERAGE(B8,B9) -> 0.0945 | D8: =100*(STDEV(B8,B9)/C8) -> 2.2447834 | F8: =C8-$C$2 -> 0.051 | H8: 50
A9: S3 | B9: =Plate4_RawData_11_29!E279 -> 0.096 | K9: Slope | L9: 0.001
A10: S5 | B10: =Plate4_RawData_11_29!E280 -> 0.155 | C10: =AVERAGE(B10,B11) -> 0.1515 | D10: =100*(STDEV(B10,B11)/C10) -> 3.26716 | F10: =C10-$C$2 -> 0.108 | H10: 100 | K10: Intercept | L10: 0.0024
A11: S5 | B11: =Plate4_RawData_11_29!E281 -> 0.148
A12: S7 | B12: =Plate4_RawData_11_29!E282 -> 0.168 | C12: =AVERAGE(B12,B13) -> 0.184 | D12: =100*(STDEV(B12,B13)/C12) -> 12.297509 | F12: =C12-$C$2 -> 0.1405 | H12: 150
A13: S7 | B13: =Plate4_RawData_11_29!E283 -> 0.2
A14: S9 | B14: =Plate4_RawData_11_29!E284 -> 0.227 | C14: =AVERAGE(B14,B15) -> 0.2345 | D14: =100*(STDEV(B14,B15)/C14) -> 4.5230711 | F14: =C14-$C$2 -> 0.191 | H14: 200
A15: S9 | B15: =Plate4_RawData_11_29!E285 -> 0.242
A20: Sample Name | B20: Absorbance | C20: Mean | D20: CV | E20: CorrAbs | F20: Final Concentration | H20: Color Scheme: | J20: Overwinter | K20: Greenhouse
A21: GH_Pool | B21: =Plate4_RawData_11_29!E293 -> 0.161 | C21: =AVERAGE(B21,B22) -> 0.1645 | D21: =100*(STDEV(B21,B22)/C21) -> 3.008965 | E21: =C21-$C$2 -> 0.121 | F21: =(E21-$L$10)/$L$9 -> 118.6
B22: =Plate4_RawData_11_29!E294 -> 0.168
A23: 5.5 (A) | B23: =Plate4_RawData_11_29!E295 -> 0.146 | C23: =AVERAGE(B23,B24) -> 0.1525 | D23: =100*(STDEV(B23,B24)/C23) -> 6.0277955 | E23: =C23-$C$2 -> 0.109 | F23: =(E23-$L$10)/$L$9 -> 106.6
B24: =Plate4_RawData_11_29!E296 -> 0.159
A25: 3.2 (A) | B25: =Plate4_RawData_11_29!E297 -> 0.109 | C25: =AVERAGE(B25,B26) -> 0.097 | D25: =100*(STDEV(B25,B26)/C25) -> 17.495426 | E25: =C25-$C$2 -> 0.0535 | F25: =(E25-$L$10)/$L$9 -> 51.1
B26: =Plate4_RawData_11_29!E298 -> 0.085
A27: 2.2 (A) | B27: =Plate4_RawData_11_29!E299 -> 0.122 | C27: =AVERAGE(B27,B28) -> 0.1205 | D27: =100*(STDEV(B27,B28)/C27) -> 1.7604318 | E27: =C27-$C$2 -> 0.077 | F27: =(E27-$L$10)/$L$9 -> 74.6 | J27: Timepoint | K27: Label
B28: =Plate4_RawData_11_29!E300 -> 0.119 | J28: Baseline | K28: A
A29: 12.6 (A) | B29: =Plate4_RawData_11_29!E301 -> 0.09 | C29: =AVERAGE(B29,B30) -> 0.093 | D29: =100*(STDEV(B29,B30)/C29) -> 4.5619792 | E29: =C29-$C$2 -> 0.0495 | F29: =(E29-$L$10)/$L$9 -> 47.1 | J29: Cold Dormancy | K29: B
B30: =Plate4_RawData_11_29!E302 -> 0.096 | J30: 3 weeks | K30: C
A31: 5.5 (D) | B31: =Plate4_RawData_11_29!E303 -> 0.198 | C31: =AVERAGE(B31,B32) -> 0.197 | D31: =100*(STDEV(B31,B32)/C31) -> 0.7178749 | E31: =C31-$C$2 -> 0.1535 | F31: =(E31-$L$10)/$L$9 -> 151.1 | J31: 3 months | K31: D
B32: =Plate4_RawData_11_29!E304 -> 0.196
A33: 6.5 (A) | B33: =Plate4_RawData_11_29!E305 -> 0.084 | C33: =AVERAGE(B33,B34) -> 0.089 | D33: =100*(STDEV(B33,B34)/C33) -> 7.94502 | E33: =C33-$C$2 -> 0.0455 | F33: =(E33-$L$10)/$L$9 -> 43.1
B34: =Plate4_RawData_11_29!E306 -> 0.094
A35: 2.2 (A) | B35: =Plate4_RawData_11_29!E307 -> 0.117 | C35: =AVERAGE(B35,B36) -> 0.1195 | D35: =100*(STDEV(B35,B36)/C35) -> 2.9586058 | E35: =C35-$C$2 -> 0.076 | F35: =(E35-$L$10)/$L$9 -> 73.6
B36: =Plate4_RawData_11_29!E308 -> 0.122
A37: 13.1 (D) | B37: =Plate4_RawData_11_29!E309 -> 0.129 | C37: =AVERAGE(B37,B38) -> 0.1355 | D37: =100*(STDEV(B37,B38)/C37) -> 6.7840503 | E37: =C37-$C$2 -> 0.092 | F37: =(E37-$L$10)/$L$9 -> 89.6
B38: =Plate4_RawData_11_29!E310 -> 0.142
A39: 9.5 (A) | B39: =Plate4_RawData_11_29!E311 -> 0.115 | C39: =AVERAGE(B39,B40) -> 0.112 | D39: =100*(STDEV(B39,B40)/C39) -> 3.788072 | E39: =C39-$C$2 -> 0.0685 | F39: =(E39-$L$10)/$L$9 -> 66.1
B40: =Plate4_RawData_11_29!E312 -> 0.109
A41: 3.2 (C) | B41: =Plate4_RawData_11_29!E313 -> 0.1 | C41: =AVERAGE(B41,B42) -> 0.1025 | D41: =100*(STDEV(B41,B42)/C41) -> 3.4493014 | E41: =C41-$C$2 -> 0.059 | F41: =(E41-$L$10)/$L$9 -> 56.6
B42: =Plate4_RawData_11_29!E314 -> 0.105
A43: 12.6 (D) | B43: =Plate4_RawData_11_29!E315 -> 0.091 | C43: =AVERAGE(B43,B44) -> 0.0935 | D43: =100*(STDEV(B43,B44)/C43) -> 3.7813197 | E43: =C43-$C$2 -> 0.05 | F43: =(E43-$L$10)/$L$9 -> 47.6
B44: =Plate4_RawData_11_29!E316 -> 0.096
A45: 9.5 (C) | B45: =Plate4_RawData_11_29!E317 -> 0.141 | C45: =AVERAGE(B45,B46) -> 0.1305 | D45: =100*(STDEV(B45,B46)/C45) -> 11.37873 | E45: =C45-$C$2 -> 0.087 | F45: =(E45-$L$10)/$L$9 -> 84.6
B46: =Plate4_RawData_11_29!E318 -> 0.12
A47: 6.5 (C) | B47: =Plate4_RawData_11_29!E319 -> 0.147 | C47: =AVERAGE(B47,B48) -> 0.159 | D47: =100*(STDEV(B47,B48)/C47) -> 10.67331 | E47: =C47-$C$2 -> 0.1155 | F47: =(E47-$L$10)/$L$9 -> 113.1
B48: =Plate4_RawData_11_29!E320 -> 0.171
A49: 12.4 (C) | B49: =Plate4_RawData_11_29!E321 -> 0.086 | C49: =AVERAGE(B49,B50) -> 0.089 | D49: =100*(STDEV(B49,B50)/C49) -> 4.767012 | E49: =C49-$C$2 -> 0.0455 | F49: =(E49-$L$10)/$L$9 -> 43.1
B50: =Plate4_RawData_11_29!E322 -> 0.092
A51: 13.2 (A) | B51: =Plate4_RawData_11_29!E323 -> 0.158 | C51: =AVERAGE(B51,B52) -> 0.1645 | D51: =100*(STDEV(B51,B52)/C51) -> 5.5880779 | E51: =C51-$C$2 -> 0.121 | F51: =(E51-$L$10)/$L$9 -> 118.6
B52: =Plate4_RawData_11_29!E324 -> 0.171
A53: 6.4 (C) | B53: =Plate4_RawData_11_29!E325 -> 0.088 | C53: =AVERAGE(B53,B54) -> 0.09 | D53: =100*(STDEV(B53,B54)/C53) -> 3.1426968 | E53: =C53-$C$2 -> 0.0465 | F53: =(E53-$L$10)/$L$9 -> 44.1
B54: =Plate4_RawData_11_29!E326 -> 0.092
A55: 12.4 (A) | B55: =Plate4_RawData_11_29!E327 -> 0.106 | C55: =AVERAGE(B55,B56) -> 0.11 | D55: =100*(STDEV(B55,B56)/C55) -> 5.1425948 | E55: =C55-$C$2 -> 0.0665 | F55: =(E55-$L$10)/$L$9 -> 64.1
B56: =Plate4_RawData_11_29!E328 -> 0.114
A57: 13.4 (A) | B57: =Plate4_RawData_11_29!E329 -> 0.099 | C57: =AVERAGE(B57,B58) -> 0.1005 | D57: =100*(STDEV(B57,B58)/C57) -> 2.1107665 | E57: =C57-$C$2 -> 0.057 | F57: =(E57-$L$10)/$L$9 -> 54.6 | G57: Bubbles while pipetting
B58: =Plate4_RawData_11_29!E330 -> 0.102
A59: 5.5 (C) | B59: =Plate4_RawData_11_29!E331 -> 0.144 | C59: =AVERAGE(B59,B60) -> 0.1825 | D59: =100*(STDEV(B59,B60)/C59) -> 29.834094 | E59: =C59-$C$2 -> 0.139 | F59: =(E59-$L$10)/$L$9 -> 136.6
B60: =Plate4_RawData_11_29!E332 -> 0.221
A61: 17.5 (D) | B61: =Plate4_RawData_11_29!E333 -> 0.175 | C61: =AVERAGE(B61,B62) -> 0.1755 | D61: =100*(STDEV(B61,B62)/C61) -> 0.40290985 | E61: =C61-$C$2 -> 0.132 | F61: =(E61-$L$10)/$L$9 -> 129.6
B62: =Plate4_RawData_11_29!E334 -> 0.176
A63: 13.4 (C) | B63: =Plate4_RawData_11_29!E335 -> 0.152 | C63: =AVERAGE(B63,B64) -> 0.147 | D63: =100*(STDEV(B63,B64)/C63) -> 4.8102502 | E63: =C63-$C$2 -> 0.1035 | F63: =(E63-$L$10)/$L$9 -> 101.1 | G63: Bubbles while pipetting
B64: =Plate4_RawData_11_29!E336 -> 0.142
A65: 13.2 (D) | B65: =Plate4_RawData_11_29!E337 -> 0.162 | C65: =AVERAGE(B65,B66) -> 0.1645 | D65: =100*(STDEV(B65,B66)/C65) -> 2.1492607 | E65: =C65-$C$2 -> 0.121 | F65: =(E65-$L$10)/$L$9 -> 118.6
B66: =Plate4_RawData_11_29!E338 -> 0.167
A67: 2.2 (A) | B67: =Plate4_RawData_11_29!E339 -> 0.118 | C67: =AVERAGE(B67,B68) -> 0.119 | D67: =100*(STDEV(B67,B68)/C67) -> 1.1884148 | E67: =C67-$C$2 -> 0.0755 | F67: =(E67-$L$10)/$L$9 -> 73.1
B68: =Plate4_RawData_11_29!E340 -> 0.12
A69: 6.4 (A) | B69: =Plate4_RawData_11_29!E341 -> 0.062 | C69: =AVERAGE(B69,B70) -> 0.061 | D69: =100*(STDEV(B69,B70)/C69) -> 2.3183829 | E69: =C69-$C$2 -> 0.0175 | F69: =(E69-$L$10)/$L$9 -> 15.1
B70: =Plate4_RawData_11_29!E342 -> 0.06
A71: 13.1 (A) | B71: =Plate4_RawData_11_29!E343 -> 0.092 | C71: =AVERAGE(B71,B72) -> 0.091 | D71: =100*(STDEV(B71,B72)/C71) -> 1.5540808 | E71: =C71-$C$2 -> 0.0475 | F71: =(E71-$L$10)/$L$9 -> 45.1
B72: =Plate4_RawData_11_29!E344 -> 0.09
A73: 17.5 (C) | B73: =Plate4_RawData_11_29!E345 -> 0.081 | C73: =AVERAGE(B73,B74) -> 0.0715 | D73: =100*(STDEV(B73,B74)/C73) -> 18.79025 | E73: =C73-$C$2 -> 0.028 | F73: =(E73-$L$10)/$L$9 -> 25.6 | G73: Bubbles while pipetting + barely enough sample - P1 tube finished
B74: =Plate4_RawData_11_29!E346 -> 0.062
A75: 12.6 (C) | B75: =Plate4_RawData_11_29!E347 -> 0.091 | C75: =AVERAGE(B75,B76) -> 0.094 | D75: =100*(STDEV(B75,B76)/C75) -> 4.5134475 | E75: =C75-$C$2 -> 0.0505 | F75: =(E75-$L$10)/$L$9 -> 48.1
B76: =Plate4_RawData_11_29!E348 -> 0.097
A77: 3.2 (D) | B77: =Plate4_RawData_11_29!E349 -> 0.265 | C77: =AVERAGE(B77,B78) -> 0.2685 | D77: =100*(STDEV(B77,B78)/C77) -> 1.8434814 | E77: =C77-$C$2 -> 0.225 | F77: =(E77-$L$10)/$L$9 -> 222.6
B78: =Plate4_RawData_11_29!E350 -> 0.272
A79: BLANK | B79: =Plate4_RawData_11_29!E351 -> 0.046 | C79: =AVERAGE(B79,B80) -> 0.0445 | D79: =100*(STDEV(B79,B80)/C79) -> 4.767012 | E79: =C79-$C$2 -> 0.001 | F79: =(E79-$L$10)/$L$9 -> -1.4
B80: =Plate4_RawData_11_29!E352 -> 0.043
A81: 17.5 (A) | B81: =Plate4_RawData_11_29!E353 -> 0.196 | C81: =AVERAGE(B81,B82) -> 0.188 | D81: =100*(STDEV(B81,B82)/C81) -> 6.0179301 | E81: =C81-$C$2 -> 0.1445 | F81: =(E81-$L$10)/$L$9 -> 142.1 | G81: Bubbles while pipetting
B82: =Plate4_RawData_11_29!E354 -> 0.18
A83: 6.5 (D) | B83: =Plate4_RawData_11_29!E355 -> 0.154 | C83: =AVERAGE(B83,B84) -> 0.155 | D83: =100*(STDEV(B83,B84)/C83) -> 0.91239585 | E83: =C83-$C$2 -> 0.1115 | F83: =(E83-$L$10)/$L$9 -> 109.1
B84: =Plate4_RawData_11_29!E356 -> 0.156
A85: BLANK | B85: =Plate4_RawData_11_29!E357 -> 0.045 | C85: =AVERAGE(B85,B86) -> 0.0455 | D85: =100*(STDEV(B85,B86)/C85) -> 1.5540808 | E85: =C85-$C$2 -> 0.002 | F85: =(E85-$L$10)/$L$9 -> -0.4
B86: =Plate4_RawData_11_29!E358 -> 0.046
A87: 12.4 (D) | B87: =Plate4_RawData_11_29!E359 -> 0.138 | C87: =AVERAGE(B87,B88) -> 0.136 | D87: =100*(STDEV(B87,B88)/C87) -> 2.0797258 | E87: =C87-$C$2 -> 0.0925 | F87: =(E87-$L$10)/$L$9 -> 90.1
B88: =Plate4_RawData_11_29!E360 -> 0.134
A89: 13.4 (D) | B89: =Plate4_RawData_11_29!E361 -> 0.134 | C89: =AVERAGE(B89,B90) -> 0.136 | D89: =100*(STDEV(B89,B90)/C89) -> 2.0797258 | E89: =C89-$C$2 -> 0.0925 | F89: =(E89-$L$10)/$L$9 -> 90.1
B90: =Plate4_RawData_11_29!E362 -> 0.138
A91: 9.5 (A) | B91: =Plate4_RawData_11_29!E363 -> 0.085 | C91: =AVERAGE(B91,B92) -> 0.089 | D91: =100*(STDEV(B91,B92)/C91) -> 6.356016 | E91: =C91-$C$2 -> 0.0455 | F91: =(E91-$L$10)/$L$9 -> 43.1
B92: =Plate4_RawData_11_29!E364 -> 0.093
A93: 13.1 (C) | B93: =Plate4_RawData_11_29!E365 -> 0.114 | C93: =AVERAGE(B93,B94) -> 0.122 | D93: =100*(STDEV(B93,B94)/C93) -> 9.2735316 | E93: =C93-$C$2 -> 0.0785 | F93: =(E93-$L$10)/$L$9 -> 76.1 | G93: Bubbles while pipetting
B94: =Plate4_RawData_11_29!E366 -> 0.13
A95: 7.3 (A) | B95: =Plate4_RawData_11_29!E367 -> 0.044 | C95: =AVERAGE(B95,B96) -> 0.0435 | D95: =100*(STDEV(B95,B96)/C95) -> 1.6255328 | E95: =C95-$C$2 -> 0 | F95: =(E95-$L$10)/$L$9 -> -2.4
B96: =Plate4_RawData_11_29!E368 -> 0.043
A97: 13.2 (C) | B97: =Plate4_RawData_11_29!E369 -> 0.06 | C97: =AVERAGE(B97,B98) -> 0.0645 | D97: =100*(STDEV(B97,B98)/C97) -> 9.8666062 | E97: =C97-$C$2 -> 0.021 | F97: =(E97-$L$10)/$L$9 -> 18.6
B98: =Plate4_RawData_11_29!E370 -> 0.069
A99: 6.4 (D) | B99: =Plate4_RawData_11_29!E371 -> 0.073 | C99: =AVERAGE(B99,B100) -> 0.0685 | D99: =100*(STDEV(B99,B100)/C99) -> 9.2904541 | E99: =C99-$C$2 -> 0.025 | F99: =(E99-$L$10)/$L$9 -> 22.6
B100: =Plate4_RawData_11_29!E372 -> 0.064
A101: 7.3 (C) | B101: =Plate4_RawData_11_29!E373 -> 0.047 | C101: =AVERAGE(B101,B102) -> 0.0505 | D101: =100*(STDEV(B101,B102)/C101) -> 9.8014801 | E101: =C101-$C$2 -> 0.007 | F101: =(E101-$L$10)/$L$9 -> 4.6
B102: =Plate4_RawData_11_29!E374 -> 0.054

Sheet Plate4_RawData_11_29
A2: Software Version | B2: 2.09.1
A4: Experiment File Path: | B4: E:\GT_Metabolomics\TRIG_11_29_24_Plate4.xpt
A5: Protocol File Path: | B5: C:\Users\Public\Documents\Protocols\Schwartz_TRIG.prt
A6: Plate Number | B6: Plate 1
A7: Date | B7: 45625
A8: Time | B8: 0.78790509
A9: Reader Type: | B9: Cytation3
A10: Reader Serial Number: | B10: Unknown
A11: Reading Type | B11: Reader
A13: Procedure Details
A14: Plate Type | B14: 96 WELL PLATE
A15: Eject plate on completion
A16: Read | B16: Absorbance Endpoint
B17: Full Plate
B18: Wavelengths: 500
B19: Read Speed: Normal, Delay: 100 msec, Measurements/Data Point: 8
A21: Layout
C23: 1 | D23: 2 | E23: 3 | F23: 4 | G23: 5 | H23: 6 | I23: 7 | J23: 8 | K23: 9 | L23: 10 | M23: 11 | N23: 12
B24: A | C24: BLK | D24: STD4 | E24: SPL2 | F24: SPL6 | G24: SPL10 | H24: SPL14 | I24: SPL18 | J24: SPL22 | K24: SPL26 | L24: SPL30 | M24: SPL34 | N24: SPL38 | O24: Well ID
D25: 100 | O25: Conc/Dil
B26: B | C26: BLK | D26: STD4 | E26: SPL2 | F26: SPL6 | G26: SPL10 | H26: SPL14 | I26: SPL18 | J26: SPL22 | K26: SPL26 | L26: SPL30 | M26: SPL34 | N26: SPL38 | O26: Well ID
D27: 100 | O27: Conc/Dil
B28: C | C28: STD1 | D28: STD5 | E28: SPL3 | F28: SPL7 | G28: SPL11 | H28: SPL15 | I28: SPL19 | J28: SPL23 | K28: SPL27 | L28: SPL31 | M28: SPL35 | N28: SPL39 | O28: Well ID
C29: 0 | D29: 150 | O29: Conc/Dil
B30: D | C30: STD1 | D30: STD5 | E30: SPL3 | F30: SPL7 | G30: SPL11 | H30: SPL15 | I30: SPL19 | J30: SPL23 | K30: SPL27 | L30: SPL31 | M30: SPL35 | N30: SPL39 | O30: Well ID
C31: 0 | D31: 150 | O31: Conc/Dil
B32: E | C32: STD2 | D32: STD6 | E32: SPL4 | F32: SPL8 | G32: SPL12 | H32: SPL16 | I32: SPL20 | J32: SPL24 | K32: SPL28 | L32: SPL32 | M32: SPL36 | N32: SPL40 | O32: Well ID
C33: 12.5 | D33: 200 | O33: Conc/Dil
B34: F | C34: STD2 | D34: STD6 | E34: SPL4 | F34: SPL8 | G34: SPL12 | H34: SPL16 | I34: SPL20 | J34: SPL24 | K34: SPL28 | L34: SPL32 | M34: SPL36 | N34: SPL40 | O34: Well ID
C35: 12.5 | D35: 200 | O35: Conc/Dil
B36: G | C36: STD3 | D36: SPL1 | E36: SPL5 | F36: SPL9 | G36: SPL13 | H36: SPL17 | I36: SPL21 | J36: SPL25 | K36: SPL29 | L36: SPL33 | M36: SPL37 | N36: SPL41 | O36: Well ID
C37: 50 | O37: Conc/Dil
B38: H | C38: STD3 | D38: SPL1 | E38: SPL5 | F38: SPL9 | G38: SPL13 | H38: SPL17 | I38: SPL21 | J38: SPL25 | K38: SPL29 | L38: SPL33 | M38: SPL37 | N38: SPL41 | O38: Well ID
C39: 50 | O39: Conc/Dil
A41: 500
A42: Actual Temperature: | B42: 26.2
A43: Actual Temperature: | B43: 26.2
A44: Actual Temperature: | B44: 26.2
A45: Actual Temperature: | B45: 26.2
A46: Actual Temperature: | B46: 26.2
B48: Well ID | C48: Well | D48: Conc/Dil | E48: 500 | F48: Count | G48: Mean | H48: Std Dev | I48: CV (%)
B49: BLK | C49: A1 | E49: 0.042 | F49: 2 | G49: 0.044 | H49: 0.002 | I49: 4.541
C50: B1 | E50: 0.045
B51: SPL1 | C51: G2 | E51: 0.161 | F51: 2 | G51: 0.165 | H51: 0.005 | I51: 3.137
C52: H2 | E52: 0.168
B53: SPL2 | C53: A3 | E53: 0.146 | F53: 2 | G53: 0.152 | H53: 0.009 | I53: 6.129
C54: B3 | E54: 0.159
B55: SPL3 | C55: C3 | E55: 0.109 | F55: 2 | G55: 0.097 | H55: 0.016 | I55: 17.011
C56: D3 | E56: 0.085
B57: SPL4 | C57: E3 | E57: 0.122 | F57: 2 | G57: 0.12 | H57: 0.002 | I57: 1.469
C58: F3 | E58: 0.119
B59: SPL5 | C59: G3 | E59: 0.09 | F59: 2 | G59: 0.093 | H59: 0.004 | I59: 4.396
C60: H3 | E60: 0.096
B61: SPL6 | C61: A4 | E61: 0.198 | F61: 2 | G61: 0.197 | H61: 0.002 | I61: 0.934
C62: B4 | E62: 0.196
B63: SPL7 | C63: C4 | E63: 0.084 | F63: 2 | G63: 0.089 | H63: 0.008 | I63: 8.496
C64: D4 | E64: 0.094
B65: SPL8 | C65: E4 | E65: 0.117 | F65: 2 | G65: 0.12 | H65: 0.003 | I65: 2.773
C66: F4 | E66: 0.122
B67: SPL9 | C67: G4 | E67: 0.129 | F67: 2 | G67: 0.135 | H67: 0.01 | I67: 7.102
C68: H4 | E68: 0.142
B69: SPL10 | C69: A5 | E69: 0.115 | F69: 2 | G69: 0.112 | H69: 0.004 | I69: 3.805
C70: B5 | E70: 0.109
B71: SPL11 | C71: C5 | E71: 0.1 | F71: 2 | G71: 0.103 | H71: 0.003 | I71: 3.372
C72: D5 | E72: 0.105
B73: SPL12 | C73: E5 | E73: 0.091 | F73: 2 | G73: 0.094 | H73: 0.004 | I73: 3.843
C74: F5 | E74: 0.096
B75: SPL13 | C75: G5 | E75: 0.141 | F75: 2 | G75: 0.131 | H75: 0.015 | I75: 11.42
C76: H5 | E76: 0.12
B77: SPL14 | C77: A6 | E77: 0.147 | F77: 2 | G77: 0.159 | H77: 0.017 | I77: 10.625
C78: B6 | E78: 0.171
B79: SPL15 | C79: C6 | E79: 0.086 | F79: 2 | G79: 0.089 | H79: 0.005 | I79: 5.179
C80: D6 | E80: 0.092
B81: SPL16 | C81: E6 | E81: 0.158 | F81: 2 | G81: 0.164 | H81: 0.009 | I81: 5.505
C82: F6 | E82: 0.171
B83: SPL17 | C83: G6 | E83: 0.088 | F83: 2 | G83: 0.09 | H83: 0.003 | I83: 3.15
C84: H6 | E84: 0.092
B85: SPL18 | C85: A7 | E85: 0.106 | F85: 2 | G85: 0.11 | H85: 0.005 | I85: 4.566
C86: B7 | E86: 0.114
B87: SPL19 | C87: C7 | E87: 0.099 | F87: 2 | G87: 0.1 | H87: 0.002 | I87: 1.974
C88: D7 | E88: 0.102
B89: SPL20 | C89: E7 | E89: 0.144 | F89: 2 | G89: 0.183 | H89: 0.054 | I89: 29.508
C90: F7 | E90: 0.221
B91: SPL21 | C91: G7 | E91: 0.175 | F91: 2 | G91: 0.176 | H91: 0.001 | I91: 0.644
C92: H7 | E92: 0.176
B93: SPL22 | C93: A8 | E93: 0.152 | F93: 2 | G93: 0.147 | H93: 0.006 | I93: 4.376
C94: B8 | E94: 0.142
B95: SPL23 | C95: C8 | E95: 0.162 | F95: 2 | G95: 0.165 | H95: 0.003 | I95: 2.02
C96: D8 | E96: 0.167
B97: SPL24 | C97: E8 | E97: 0.118 | F97: 2 | G97: 0.119 | H97: 0.001 | I97: 1.252
C98: F8 | E98: 0.12
B99: SPL25 | C99: G8 | E99: 0.062 | F99: 2 | G99: 0.061 | H99: 0.001 | I99: 2.42
C100: H8 | E100: 0.06
B101: SPL26 | C101: A9 | E101: 0.092 | F101: 2 | G101: 0.091 | H101: 0.001 | I101: 1.627
C102: B9 | E102: 0.09
B103: SPL27 | C103: C9 | E103: 0.081 | F103: 2 | G103: 0.071 | H103: 0.013 | I103: 18.111
C104: D9 | E104: 0.062
B105: SPL28 | C105: E9 | E105: 0.091 | F105: 2 | G105: 0.094 | H105: 0.004 | I105: 3.761
C106: F9 | E106: 0.097
B107: SPL29 | C107: G9 | E107: 0.265 | F107: 2 | G107: 0.269 | H107: 0.005 | I107: 2.001
...

Sheet Plate3_Analysis_11_29
A1: Standard | B1: Absorbance | C1: Mean | D1: CV | F1: CorrAbs | H1: Concentation | K1: Data for Plot
A2: Blank | B2: =Plate3_RawData_11_29!E190 -> 0.042 | C2: =AVERAGE(B2,B3) -> 0.042 | D2: =100*(STDEV(B2,B3)/C2) -> 0 | F2: =C2-$C$2 -> 0 | H2: 0 | K2: 0 | L2: =F4 -> 0
A3: Blank | B3: =Plate3_RawData_11_29!E191 -> 0.042 | K3: 12.5 | L3: =F6 -> 0.0155
A4: S0 | B4: =Plate3_RawData_11_29!E274 -> 0.042 | C4: 0.042 | D4: =100*(STDEV(B4,B5)/C4) -> 21.886638 | F4: =C4-$C$2 -> 0 | H4: 0 | K4: 50 | L4: =F8 -> 0.053
A5: S0 | B5: =Plate3_RawData_11_29!E275 -> 0.055 | C5: Data point thrown out as its close to S1 and not similar to previous runs | K5: 100 | L5: =F10 -> 0.0975
A6: S1 | B6: =Plate3_RawData_11_29!E276 -> 0.058 | C6: =AVERAGE(B6,B7) -> 0.0575 | D6: =100*(STDEV(B6,B7)/C6) -> 1.2297509 | F6: =C6-$C$2 -> 0.0155 | H6: 12.5 | K6: 150 | L6: =F12 -> 0.155
A7: S1 | B7: =Plate3_RawData_11_29!E277 -> 0.057 | K7: 200 | L7: =F14 -> 0.195
A8: S3 | B8: =Plate3_RawData_11_29!E278 -> 0.093 | C8: =AVERAGE(B8,B9) -> 0.095 | D8: =100*(STDEV(B8,B9)/C8) -> 2.9772917 | F8: =C8-$C$2 -> 0.053 | H8: 50
A9: S3 | B9: =Plate3_RawData_11_29!E279 -> 0.097 | K9: Slope | L9: 0.001
A10: S5 | B10: =Plate3_RawData_11_29!E280 -> 0.133 | C10: =AVERAGE(B10,B11) -> 0.1395 | D10: =100*(STDEV(B10,B11)/C10) -> 6.5895256 | F10: =C10-$C$2 -> 0.0975 | H10: 100 | K10: Intercept | L10: 0.0022
A11: S5 | B11: =Plate3_RawData_11_29!E281 -> 0.146
A12: S7 | B12: =Plate3_RawData_11_29!E282 -> 0.198 | C12: =AVERAGE(B12,B13) -> 0.197 | D12: =100*(STDEV(B12,B13)/C12) -> 0.7178749 | F12: =C12-$C$2 -> 0.155 | H12: 150
A13: S7 | B13: =Plate3_RawData_11_29!E283 -> 0.196
A14: S9 | B14: =Plate3_RawData_11_29!E284 -> 0.236 | C14: =AVERAGE(B14,B15) -> 0.237 | D14: =100*(STDEV(B14,B15)/C14) -> 0.59671458 | F14: =C14-$C$2 -> 0.195 | H14: 200
A15: S9 | B15: =Plate3_RawData_11_29!E285 -> 0.238
A20: Sample Name | B20: Absorbance | C20: Mean | D20: CV | E20: CorrAbs | F20: Final Concentration | H20: Color Scheme: | J20: Overwinter | K20: Greenhouse
A21: GH_Pool | B21: =Plate3_RawData_11_29!E293 -> 0.143 | C21: =AVERAGE(B21,B22) -> 0.155 | D21: =100*(STDEV(B21,B22)/C21) -> 10.94875 | E21: =C21-$C$2 -> 0.113 | F21: =(E21-$L$10)/$L$9 -> 110.8
B22: =Plate3_RawData_11_29!E294 -> 0.167
A23: 2.2 (A) | B23: =Plate3_RawData_11_29!E295 -> 0.116 | C23: =AVERAGE(B23,B24) -> 0.118 | D23: =100*(STDEV(B23,B24)/C23) -> 2.3969721 | E23: =C23-$C$2 -> 0.076 | F23: =(E23-$L$10)/$L$9 -> 73.8 | J23: 94.2
B24: =Plate3_RawData_11_29!E296 -> 0.12 | J24: 40.7
A25: 5.4 (A) | B25: =Plate3_RawData_11_29!E297 -> 0.065 | C25: =AVERAGE(B25,B26) -> 0.0695 | D25: =100*(STDEV(B25,B26)/C25) -> 9.1567785 | E25: =C25-$C$2 -> 0.0275 | F25: =(E25-$L$10)/$L$9 -> 25.3 | J25: 97.2
B26: =Plate3_RawData_11_29!E298 -> 0.074 | J26: 55.7
A27: 7.1 (D) | B27: =Plate3_RawData_11_29!E299 -> 0.094 | C27: =AVERAGE(B27,B28) -> 0.0955 | D27: =100*(STDEV(B27,B28)/C27) -> 2.2212778 | E27: =C27-$C$2 -> 0.0535 | F27: =(E27-$L$10)/$L$9 -> 51.3 | J27: 66.2 | K27: Label
B28: =Plate3_RawData_11_29!E300 -> 0.097 | J28: 107.7 | K28: A
A29: 5.3 (A) | B29: =Plate3_RawData_11_29!E301 -> 0.078 | C29: =AVERAGE(B29,B30) -> 0.078 | D29: =100*(STDEV(B29,B30)/C29) -> 0 | E29: =C29-$C$2 -> 0.036 | F29: =(E29-$L$10)/$L$9 -> 33.8 | J29: 63.2 | K29: B
B30: =Plate3_RawData_11_29!E302 -> 0.078 | J30: 179.2 | K30: C
A31: 2.2 (A) | B31: =Plate3_RawData_11_29!E303 -> 0.115 | C31: =AVERAGE(B31,B32) -> 0.1145 | D31: =100*(STDEV(B31,B32)/C31) -> 0.61756051 | E31: =C31-$C$2 -> 0.0725 | F31: =(E31-$L$10)/$L$9 -> 70.3 | J31: 38.7 | K31: D
B32: =Plate3_RawData_11_29!E304 -> 0.114 | J32: 119.2
A33: 6.2 (A) | B33: =Plate3_RawData_11_29!E305 -> 0.073 | C33: =AVERAGE(B33,B34) -> 0.0775 | D33: =100*(STDEV(B33,B34)/C33) -> 8.2115626 | E33: =C33-$C$2 -> 0.0355 | F33: =(E33-$L$10)/$L$9 -> 33.3 | J33: 120.7
B34: =Plate3_RawData_11_29!E306 -> 0.082 | J34: 44.7
A35: 10.6 (A) | B35: =Plate3_RawData_11_29!E307 -> 0.093 | C35: =AVERAGE(B35,B36) -> 0.0995 | D35: =100*(STDEV(B35,B36)/C35) -> 9.2385811 | E35: =C35-$C$2 -> 0.0575 | F35: =(E35-$L$10)/$L$9 -> 55.3 | J35: 159.2
B36: =Plate3_RawData_11_29!E308 -> 0.106 | J36: 56.2
A37: 9.3 (D) | B37: =Plate3_RawData_11_29!E309 -> 0.136 | C37: =AVERAGE(B37,B38) -> 0.143 | D37: =100*(STDEV(B37,B38)/C37) -> 6.9227237 | E37: =C37-$C$2 -> 0.101 | F37: =(E37-$L$10)/$L$9 -> 98.8 | J37: 50.2
B38: =Plate3_RawData_11_29!E310 -> 0.15 | J38: 44.7
A39: 11.2 (A) | B39: =Plate3_RawData_11_29!E311 -> 0.135 | C39: =AVERAGE(B39,B40) -> 0.1335 | D39: =100*(STDEV(B39,B40)/C39) -> 1.589004 | E39: =C39-$C$2 -> 0.0915 | F39: =(E39-$L$10)/$L$9 -> 89.3 | J39: 87.7
B40: =Plate3_RawData_11_29!E312 -> 0.132 | J40: 174.2
A41: 5.4 (C) | B41: =Plate3_RawData_11_29!E313 -> 0.082 | C41: =AVERAGE(B41,B42) -> 0.084 | D41: =100*(STDEV(B41,B42)/C41) -> 3.3671751 | E41: =C41-$C$2 -> 0.042 | F41: =(E41-$L$10)/$L$9 -> 39.8 | J41: 13.7
B42: =Plate3_RawData_11_29!E314 -> 0.086 | J42: 41.7
A43: 5.3 (D) | B43: =Plate3_RawData_11_29!E315 -> 0.188 | C43: =AVERAGE(B43,B44) -> 0.186 | D43: =100*(STDEV(B43,B44)/C43) -> 1.5206597 | E43: =C43-$C$2 -> 0.144 | F43: =(E43-$L$10)/$L$9 -> 141.8 | J43: 37.2
B44: =Plate3_RawData_11_29!E316 -> 0.184 | J44: 90.2
A45: 11.2 (C) | B45: =Plate3_RawData_11_29!E317 -> 0.119 | C45: =AVERAGE(B45,B46) -> 0.1245 | D45: =100*(STDEV(B45,B46)/C45) -> 6.2475298 | E45: =C45-$C$2 -> 0.0825 | F45: =(E45-$L$10)/$L$9 -> 80.3 | J45: 81.7
B46: =Plate3_RawData_11_29!E318 -> 0.13 | J46: 15.7
A47: 6.2 (C) | B47: =Plate3_RawData_11_29!E319 -> 0.091 | C47: =AVERAGE(B47,B48) -> 0.093 | D47: =100*(STDEV(B47,B48)/C47) -> 3.0413195 | E47: =C47-$C$2 -> 0.051 | F47: =(E47-$L$10)/$L$9 -> 48.8 | J47: 45.2
B48: =Plate3_RawData_11_29!E320 -> 0.095 | J48: 16.2
A49: 14.5 (C) | B49: =Plate3_RawData_11_29!E321 -> 0.072 | C49: =AVERAGE(B49,B50) -> 0.0725 | D49: =100*(STDEV(B49,B50)/C49) -> 0.9753197 | E49: =C49-$C$2 -> 0.0305 | F49: =(E49-$L$10)/$L$9 -> 28.3 | J49: 138.7
B50: =Plate3_RawData_11_29!E322 -> 0.073 | J50: 49.2
A51: 7.2 (A) | B51: =Plate3_RawData_11_29!E323 -> 0.116 | C51: =AVERAGE(B51,B52) -> 0.1195 | D51: =100*(STDEV(B51,B52)/C51) -> 4.1420481 | E51: =C51-$C$2 -> 0.0775 | F51: =(E51-$L$10)/$L$9 -> 75.3 | J51: 47.7
B52: =Plate3_RawData_11_29!E324 -> 0.123 | J52: 102.2
A53: 9.6 (C) | B53: =Plate3_RawData_11_29!E325 -> 0.07 | C53: =AVERAGE(B53,B54) -> 0.105 | D53: =100*(STDEV(B53,B54)/C53) -> 47.140452 | E53: =C53-$C$2 -> 0.063 | F53: =(E53-$L$10)/$L$9 -> 60.8 | J53: 193.7
B54: =Plate3_RawData_11_29!E326 -> 0.14 | J54: 80.2
A55: 14.5 (A) | B55: =Plate3_RawData_11_29!E327 -> 0.085 | C55: =AVERAGE(B55,B56) -> 0.088 | D55: =100*(STDEV(B55,B56)/C55) -> 4.8211826 | E55: =C55-$C$2 -> 0.046 | F55: =(E55-$L$10)/$L$9 -> 43.8 | J55: 39.2
B56: =Plate3_RawData_11_29!E328 -> 0.091 | J56: 106.2
A57: 13.4 (A) | B57: =Plate3_RawData_11_29!E329 -> 0.094 | C57: =AVERAGE(B57,B58) -> 0.0945 | D57: =100*(STDEV(B57,B58)/C57) -> 0.74826114 | E57: =C57-$C$2 -> 0.0525 | F57: =(E57-$L$10)/$L$9 -> 50.3 | J57: 139.7
B58: =Plate3_RawData_11_29!E330 -> 0.095 | J58: 105.2
A59: BLANK | B59: =Plate3_RawData_11_29!E331 -> 0.045 | C59: =AVERAGE(B59,B60) -> 0.0445 | D59: =100*(STDEV(B59,B60)/C59) -> 1.589004 | E59: =C59-$C$2 -> 0.0025 | F59: =(E59-$L$10)/$L$9 -> 0.3 | J59: 43.2
B60: =Plate3_RawData_11_29!E332 -> 0.044 | J60: 110.7
A61: 17.5 (D) | B61: =Plate3_RawData_11_29!E333 -> 0.167 | C61: =AVERAGE(B61,B62) -> 0.1755 | D61: =100*(STDEV(B61,B62)/C61) -> 6.8494674 | E61: =C61-$C$2 -> 0.1335 | F61: =(E61-$L$10)/$L$9 -> 131.3 | J61: 11.2
B62: =Plate3_RawData_11_29!E334 -> 0.184 | J62: 79.2
A63: 13.4 (C) | B63: =Plate3_RawData_11_29!E335 -> 0.146 | C63: =AVERAGE(B63,B64) -> 0.151 | D63: =100*(STDEV(B63,B64)/C63) -> 4.6828264 | E63: =C63-$C$2 -> 0.109 | F63: =(E63-$L$10)/$L$9 -> 106.8
B64: =Plate3_RawData_11_29!E336 -> 0.156
A65: 7.2 (D) | B65: =Plate3_RawData_11_29!E337 -> 0.161 | C65: =AVERAGE(B65,B66) -> 0.171 | D65: =100*(STDEV(B65,B66)/C65) -> 8.2702548 | E65: =C65-$C$2 -> 0.129 | F65: =(E65-$L$10)/$L$9 -> 126.8
B66: =Plate3_RawData_11_29!E338 -> 0.181
A67: 2.2 (A) | B67: =Plate3_RawData_11_29!E339 -> 0.12 | C67: =AVERAGE(B67,B68) -> 0.1175 | D67: =100*(STDEV(B67,B68)/C67) -> 3.008965 | E67: =C67-$C$2 -> 0.0755 | F67: =(E67-$L$10)/$L$9 -> 73.3
B68: =Plate3_RawData_11_29!E340 -> 0.115
A69: 9.6 (A) | B69: =Plate3_RawData_11_29!E341 -> 0.125 | C69: =AVERAGE(B69,B70) -> 0.1265 | D69: =100*(STDEV(B69,B70)/C69) -> 1.6769331 | E69: =C69-$C$2 -> 0.0845 | F69: =(E69-$L$10)/$L$9 -> 82.3
B70: =Plate3_RawData_11_29!E342 -> 0.128
A71: 9.3 (A) | B71: =Plate3_RawData_11_29!E343 -> 0.082 | C71: =AVERAGE(B71,B72) -> 0.0835 | D71: =100*(STDEV(B71,B72)/C71) -> 2.5405034 | E71: =C71-$C$2 -> 0.0415 | F71: =(E71-$L$10)/$L$9 -> 39.3
B72: =Plate3_RawData_11_29!E344 -> 0.085
A73: 17.5 (C) | B73: =Plate3_RawData_11_29!E345 -> 0.059 | C73: =AVERAGE(B73,B74) -> 0.0605 | D73: =100*(STDEV(B73,B74)/C73) -> 3.5063146 | E73: =C73-$C$2 -> 0.0185 | F73: =(E73-$L$10)/$L$9 -> 16.3
B74: =Plate3_RawData_11_29!E346 -> 0.062
A75: 5.3 (C) | B75: =Plate3_RawData_11_29!E347 -> 0.2 | C75: =AVERAGE(B75,B76) -> 0.201 | D75: =100*(STDEV(B75,B76)/C75) -> 0.70358884 | E75: =C75-$C$2 -> 0.159 | F75: =(E75-$L$10)/$L$9 -> 156.8
B76: =Plate3_RawData_11_29!E348 -> 0.202
A77: 5.4 (D) | B77: =Plate3_RawData_11_29!E349 -> 0.116 | C77: =AVERAGE(B77,B78) -> 0.1175 | D77: =100*(STDEV(B77,B78)/C77) -> 1.805379 | E77: =C77-$C$2 -> 0.0755 | F77: =(E77-$L$10)/$L$9 -> 73.3
B78: =Plate3_RawData_11_29!E350 -> 0.119
A79: 10.6 (C) | B79: =Plate3_RawData_11_29!E351 -> 0.076 | C79: =AVERAGE(B79,B80) -> 0.078 | D79: =100*(STDEV(B79,B80)/C79) -> 3.6261886 | E79: =C79-$C$2 -> 0.036 | F79: =(E79-$L$10)/$L$9 -> 33.8
B80: =Plate3_RawData_11_29!E352 -> 0.08
A81: 17.5 (A) | B81: =Plate3_RawData_11_29!E353 -> 0.204 | C81: =AVERAGE(B81,B82) -> 0.204 | D81: =100*(STDEV(B81,B82)/C81) -> 0 | E81: =C81-$C$2 -> 0.162 | F81: =(E81-$L$10)/$L$9 -> 159.8
B82: =Plate3_RawData_11_29!E354 -> 0.204
A83: 6.2 (D) | B83: =Plate3_RawData_11_29!E355 -> 0.171 | C83: =AVERAGE(B83,B84) -> 0.1785 | D83: =100*(STDEV(B83,B84)/C83) -> 5.9420738 | E83: =C83-$C$2 -> 0.1365 | F83: =(E83-$L$10)/$L$9 -> 134.3
B84: =Plate3_RawData_11_29!E356 -> 0.186
A85: 10.6 (D) | B85: =Plate3_RawData_11_29!E357 -> 0.078 | C85: =AVERAGE(B85,B86) -> 0.132 | D85: =100*(STDEV(B85,B86)/C85) -> 57.854191 | E85: =C85-$C$2 -> 0.09 | F85: =(E85-$L$10)/$L$9 -> 87.8
B86: =Plate3_RawData_11_29!E358 -> 0.186
A87: 14.5 (D) | B87: =Plate3_RawData_11_29!E359 -> 0.071 | C87: =AVERAGE(B87,B88) -> 0.073 | D87: =100*(STDEV(B87,B88)/C87) -> 3.8745577 | E87: =C87-$C$2 -> 0.031 | F87: =(E87-$L$10)/$L$9 -> 28.8
B88: =Plate3_RawData_11_29!E360 -> 0.075
A89: 13.4 (D) | B89: =Plate3_RawData_11_29!E361 -> 0.134 | C89: =AVERAGE(B89,B90) -> 0.1355 | D89: =100*(STDEV(B89,B90)/C89) -> 1.5655501 | E89: =C89-$C$2 -> 0.0935 | F89: =(E89-$L$10)/$L$9 -> 91.3
B90: =Plate3_RawData_11_29!E362 -> 0.137
A91: 11.2 (D) | B91: =Plate3_RawData_11_29!E363 -> 0.191 | C91: =AVERAGE(B91,B92) -> 0.2055 | D91: =100*(STDEV(B91,B92)/C91) -> 9.9786358 | E91: =C91-$C$2 -> 0.1635 | F91: =(E91-$L$10)/$L$9 -> 161.3
B92: =Plate3_RawData_11_29!E364 -> 0.22
A93: 9.3 (C) | B93: =Plate3_RawData_11_29!E365 -> 0.076 | C93: =AVERAGE(B93,B94) -> 0.0795 | D93: =100*(STDEV(B93,B94)/C93) -> 6.2260974 | E93: =C93-$C$2 -> 0.0375 | F93: =(E93-$L$10)/$L$9 -> 35.3
B94: =Plate3_RawData_11_29!E366 -> 0.083
A95: 7.1 (A) | B95: =Plate3_RawData_11_29!E367 -> 0.196 | C95: =AVERAGE(B95,B96) -> 0.194 | D95: =100*(STDEV(B95,B96)/C95) -> 1.4579521 | E95: =C95-$C$2 -> 0.152 | F95: =(E95-$L$10)/$L$9 -> 149.8
B96: =Plate3_RawData_11_29!E368 -> 0.192
A97: 7.2 (C) | B97: =Plate3_RawData_11_29!E369 -> 0.094 | C97: =AVERAGE(B97,B98) -> 0.0975 | D97: =100*(STDEV(B97,B98)/C97) -> 5.0766641 | E97: =C97-$C$2 -> 0.0555 | F97: =(E97-$L$10)/$L$9 -> 53.3
B98: =Plate3_RawData_11_29!E370 -> 0.101
A99: 9.6 (D) | B99: =Plate3_RawData_11_29!E371 -> 0.091 | C99: =AVERAGE(B99,B100) -> 0.0905 | D99: =100*(STDEV(B99,B100)/C99) -> 0.78133346 | E99: =C99-$C$2 -> 0.0485 | F99: =(E99-$L$10)/$L$9 -> 46.3
B100: =Plate3_RawData_11_29!E372 -> 0.09
A101: 7.1 (C) | B101: =Plate3_RawData_11_29!E373 -> 0.077 | C101: =AVERAGE(B101,B102) -> 0.078 | D101: =100*(STDEV(B101,B102)/C101) -> 1.8130943 | E101: =C101-$C$2 -> 0.036 | F101: =(E101-$L$10)/$L$9 -> 33.8
B102: =Plate3_RawData_11_29!E374 -> 0.079

Sheet Plate3_RawData_11_29
A2: Software Version | B2: 2.09.1
A4: Experiment File Path: | B4: E:\GT_Metabolomics\TRIG_11_29_24_Plate3.xpt
A5: Protocol File Path: | B5: C:\Users\Public\Documents\Protocols\Schwartz_TRIG.prt
A6: Plate Number | B6: Plate 1
A7: Date | B7: 45625
A8: Time | B8: 0.62763889
A9: Reader Type: | B9: Cytation3
A10: Reader Serial Number: | B10: Unknown
A11: Reading Type | B11: Reader
A13: Procedure Details
A14: Plate Type | B14: 96 WELL PLATE
A15: Eject plate on completion
A16: Read | B16: Absorbance Endpoint
B17: Full Plate
B18: Wavelengths: 500
B19: Read Speed: Normal, Delay: 100 msec, Measurements/Data Point: 8
A21: Layout
C23: 1 | D23: 2 | E23: 3 | F23: 4 | G23: 5 | H23: 6 | I23: 7 | J23: 8 | K23: 9 | L23: 10 | M23: 11 | N23: 12
B24: A | C24: BLK | D24: STD4 | E24: SPL2 | F24: SPL6 | G24: SPL10 | H24: SPL14 | I24: SPL18 | J24: SPL22 | K24: SPL26 | L24: SPL30 | M24: SPL34 | N24: SPL38 | O24: Well ID
D25: 100 | O25: Conc/Dil
B26: B | C26: BLK | D26: STD4 | E26: SPL2 | F26: SPL6 | G26: SPL10 | H26: SPL14 | I26: SPL18 | J26: SPL22 | K26: SPL26 | L26: SPL30 | M26: SPL34 | N26: SPL38 | O26: Well ID
D27: 100 | O27: Conc/Dil
B28: C | C28: STD1 | D28: STD5 | E28: SPL3 | F28: SPL7 | G28: SPL11 | H28: SPL15 | I28: SPL19 | J28: SPL23 | K28: SPL27 | L28: SPL31 | M28: SPL35 | N28: SPL39 | O28: Well ID
C29: 0 | D29: 150 | O29: Conc/Dil
B30: D | C30: STD1 | D30: STD5 | E30: SPL3 | F30: SPL7 | G30: SPL11 | H30: SPL15 | I30: SPL19 | J30: SPL23 | K30: SPL27 | L30: SPL31 | M30: SPL35 | N30: SPL39 | O30: Well ID
C31: 0 | D31: 150 | O31: Conc/Dil
B32: E | C32: STD2 | D32: STD6 | E32: SPL4 | F32: SPL8 | G32: SPL12 | H32: SPL16 | I32: SPL20 | J32: SPL24 | K32: SPL28 | L32: SPL32 | M32: SPL36 | N32: SPL40 | O32: Well ID
C33: 12.5 | D33: 200 | O33: Conc/Dil
B34: F | C34: STD2 | D34: STD6 | E34: SPL4 | F34: SPL8 | G34: SPL12 | H34: SPL16 | I34: SPL20 | J34: SPL24 | K34: SPL28 | L34: SPL32 | M34: SPL36 | N34: SPL40 | O34: Well ID
C35: 12.5 | D35: 200 | O35: Conc/Dil
B36: G | C36: STD3 | D36: SPL1 | E36: SPL5 | F36: SPL9 | G36: SPL13 | H36: SPL17 | I36: SPL21 | J36: SPL25 | K36: SPL29 | L36: SPL33 | M36: SPL37 | N36: SPL41 | O36: Well ID
C37: 50 | O37: Conc/Dil
B38: H | C38: STD3 | D38: SPL1 | E38: SPL5 | F38: SPL9 | G38: SPL13 | H38: SPL17 | I38: SPL21 | J38: SPL25 | K38: SPL29 | L38: SPL33 | M38: SPL37 | N38: SPL41 | O38: Well ID
C39: 50 | O39: Conc/Dil
A41: 500
A42: Actual Temperature: | B42: 26.1
A43: Actual Temperature: | B43: 26.1
A44: Actual Temperature: | B44: 26.1
A45: Actual Temperature: | B45: 26.1
A46: Actual Temperature: | B46: 26.1
B48: Well ID | C48: Well | D48: Conc/Dil | E48: 500 | F48: Count | G48: Mean | H48: Std Dev | I48: CV (%)
B49: BLK | C49: A1 | E49: 0.042 | F49: 2 | G49: 0.042 | H49: 0 | I49: 0
C50: B1 | E50: 0.042
B51: SPL1 | C51: G2 | E51: 0.143 | F51: 2 | G51: 0.155 | H51: 0.017 | I51: 10.886
C52: H2 | E52: 0.167
B53: SPL2 | C53: A3 | E53: 0.116 | F53: 2 | G53: 0.118 | H53: 0.003 | I53: 2.639
C54: B3 | E54: 0.12
B55: SPL3 | C55: C3 | E55: 0.065 | F55: 2 | G55: 0.07 | H55: 0.006 | I55: 9.239
C56: D3 | E56: 0.074
B57: SPL4 | C57: E3 | E57: 0.094 | F57: 2 | G57: 0.095 | H57: 0.003 | I57: 2.889
C58: F3 | E58: 0.097
B59: SPL5 | C59: G3 | E59: 0.078 | F59: 2 | G59: 0.078 | H59: 0 | I59: 0.181
C60: H3 | E60: 0.078
B61: SPL6 | C61: A4 | E61: 0.115 | F61: 2 | G61: 0.115 | H61: 0.001 | I61: 0.616
C62: B4 | E62: 0.114
B63: SPL7 | C63: C4 | E63: 0.073 | F63: 2 | G63: 0.078 | H63: 0.006 | I63: 7.472
C64: D4 | E64: 0.082
B65: SPL8 | C65: E4 | E65: 0.093 | F65: 2 | G65: 0.1 | H65: 0.009 | I65: 9.003
C66: F4 | E66: 0.106
B67: SPL9 | C67: G4 | E67: 0.136 | F67: 2 | G67: 0.143 | H67: 0.01 | I67: 6.73
C68: H4 | E68: 0.15
B69: SPL10 | C69: A5 | E69: 0.135 | F69: 2 | G69: 0.133 | H69: 0.002 | I69: 1.595
C70: B5 | E70: 0.132
B71: SPL11 | C71: C5 | E71: 0.082 | F71: 2 | G71: 0.084 | H71: 0.003 | I71: 3.383
C72: D5 | E72: 0.086
B73: SPL12 | C73: E5 | E73: 0.188 | F73: 2 | G73: 0.186 | H73: 0.003 | I73: 1.863
C74: F5 | E74: 0.184
B75: SPL13 | C75: G5 | E75: 0.119 | F75: 2 | G75: 0.125 | H75: 0.008 | I75: 6.07
C76: H5 | E76: 0.13
B77: SPL14 | C77: A6 | E77: 0.091 | F77: 2 | G77: 0.093 | H77: 0.002 | I77: 2.513
C78: B6 | E78: 0.095
B79: SPL15 | C79: C6 | E79: 0.072 | F79: 2 | G79: 0.073 | H79: 0 | I79: 0.195
C80: D6 | E80: 0.073
B81: SPL16 | C81: E6 | E81: 0.116 | F81: 2 | G81: 0.119 | H81: 0.005 | I81: 4.034
C82: F6 | E82: 0.123
B83: SPL17 | C83: G6 | E83: 0.07 | F83: 2 | G83: 0.105 | H83: 0.05 | I83: 47.501
C84: H6 | E84: 0.14
B85: SPL18 | C85: A7 | E85: 0.085 | F85: 2 | G85: 0.088 | H85: 0.004 | I85: 4.749
C86: B7 | E86: 0.091
B87: SPL19 | C87: C7 | E87: 0.094 | F87: 2 | G87: 0.094 | H87: 0.001 | I87: 1.198
C88: D7 | E88: 0.095
B89: SPL20 | C89: E7 | E89: 0.045 | F89: 2 | G89: 0.045 | H89: 0 | I89: 0.317
C90: F7 | E90: 0.044
B91: SPL21 | C91: G7 | E91: 0.167 | F91: 2 | G91: 0.175 | H91: 0.012 | I91: 7.091
C92: H7 | E92: 0.184
B93: SPL22 | C93: A8 | E93: 0.146 | F93: 2 | G93: 0.151 | H93: 0.007 | I93: 4.541
C94: B8 | E94: 0.156
B95: SPL23 | C95: C8 | E95: 0.161 | F95: 2 | G95: 0.171 | H95: 0.014 | I95: 8.363
C96: D8 | E96: 0.181
B97: SPL24 | C97: E8 | E97: 0.12 | F97: 2 | G97: 0.117 | H97: 0.004 | I97: 3.137
C98: F8 | E98: 0.115
B99: SPL25 | C99: G8 | E99: 0.125 | F99: 2 | G99: 0.127 | H99: 0.002 | I99: 1.728
C100: H8 | E100: 0.128
B101: SPL26 | C101: A9 | E101: 0.082 | F101: 2 | G101: 0.083 | H101: 0.002 | I101: 2.21
C102: B9 | E102: 0.085
B103: SPL27 | C103: C9 | E103: 0.059 | F103: 2 | G103: 0.06 | H103: 0.002 | I103: 3.169
C104: D9 | E104: 0.062
B105: SPL28 | C105: E9 | E105: 0.2 | F105: 2 | G105: 0.201 | H105: 0.001 | I105: 0.598
C106: F9 | E106: 0.202
B107: SPL29 | C107: G9 | E107: 0.116 | F107: 2 | G107: 0.117 | H107: 0.002 | I107: 1.444
...

Sheet Plate2_Analysis_11_27 
A1: Standard | B1: Absorbance | C1: Mean | D1: CV | F1: CorrAbs | H1: Concentation | K1: Data for Plot
A2: Blank | B2: =Plate2_RawData_11_27!E190 -> 0.052 | C2: =AVERAGE(B2,B3) -> 0.0475 | D2: =100*(STDEV(B2,B3)/C2) -> 13.397813 | F2: =C2-$C$2 -> 0 | H2: 0 | K2: 0 | L2: =F4 -> -0.0005
A3: Blank | B3: =Plate2_RawData_11_27!E191 -> 0.043 | K3: 12.5 | L3: =F6 -> 0.015
A4: S0 | B4: =Plate2_RawData_11_27!E274 -> 0.047 | C4: =AVERAGE(B4,B5) -> 0.047 | D4: =100*(STDEV(B4,B5)/C4) -> 0 | F4: =C4-$C$2 -> -0.0005 | H4: 0 | K4: 50 | L4: =F8 -> 0.0475
A5: S0 | B5: =Plate2_RawData_11_27!E275 -> 0.047 | K5: 100 | L5: =F10 -> 0.098
A6: S1 | B6: =Plate2_RawData_11_27!E276 -> 0.056 | C6: =AVERAGE(B6,B7) -> 0.0625 | D6: =100*(STDEV(B6,B7)/C6) -> 14.707821 | F6: =C6-$C$2 -> 0.015 | H6: 12.5 | K6: 150 | L6: =F12 -> 0.144
A7: S1 | B7: =Plate2_RawData_11_27!E277 -> 0.069 | K7: 200 | L7: =F14 -> 0.2045
A8: S3 | B8: =Plate2_RawData_11_27!E278 -> 0.092 | C8: =AVERAGE(B8,B9) -> 0.095 | D8: =100*(STDEV(B8,B9)/C8) -> 4.4659376 | F8: =C8-$C$2 -> 0.0475 | H8: 50
A9: S3 | B9: =Plate2_RawData_11_27!E279 -> 0.098 | K9: Slope | L9: 0.001
A10: S5 | B10: =Plate2_RawData_11_27!E280 -> 0.144 | C10: =AVERAGE(B10,B11) -> 0.1455 | D10: =100*(STDEV(B10,B11)/C10) -> 1.4579521 | F10: =C10-$C$2 -> 0.098 | H10: 100 | K10: Intercept | L10: 0.0008
A11: S5 | B11: =Plate2_RawData_11_27!E281 -> 0.147 | L11: 8
A12: S7 | B12: =Plate2_RawData_11_27!E282 -> 0.182 | C12: =AVERAGE(B12,B13) -> 0.1915 | D12: =100*(STDEV(B12,B13)/C12) -> 7.0156809 | F12: =C12-$C$2 -> 0.144 | H12: 150
A13: S7 | B13: =Plate2_RawData_11_27!E283 -> 0.201
A14: S9 | B14: =Plate2_RawData_11_27!E284 -> 0.241 | C14: =AVERAGE(B14,B15) -> 0.252 | D14: =100*(STDEV(B14,B15)/C14) -> 6.1731544 | F14: =C14-$C$2 -> 0.2045 | H14: 200
A15: S9 | B15: =Plate2_RawData_11_27!E285 -> 0.263
A20: Sample Name | B20: Absorbance | C20: Mean | D20: CV | E20: CorrAbs | F20: Final Concentration | H20: Color Scheme: | J20: Overwinter | K20: Greenhouse
A21: GH_Pool | B21: =Plate2_RawData_11_27!E293 -> 0.193 | C21: =AVERAGE(B21,B22) -> 0.1885 | D21: =100*(STDEV(B21,B22)/C21) -> 3.3761066 | E21: =C21-$C$2 -> 0.141 | F21: =(E21-$L$10)/$L$9 -> 140.2
B22: =Plate2_RawData_11_27!E294 -> 0.184
A23: 12.5 (A) | B23: =Plate2_RawData_11_27!E295 -> 0.138 | C23: =AVERAGE(B23,B24) -> 0.1425 | D23: =100*(STDEV(B23,B24)/C23) -> 4.4659376 | E23: =C23-$C$2 -> 0.095 | F23: =(E23-$L$10)/$L$9 -> 94.2
B24: =Plate2_RawData_11_27!E296 -> 0.147
A25: 6.3 (A) | B25: =Plate2_RawData_11_27!E297 -> 0.087 | C25: =AVERAGE(B25,B26) -> 0.089 | D25: =100*(STDEV(B25,B26)/C25) -> 3.178008 | E25: =C25-$C$2 -> 0.0415 | F25: =(E25-$L$10)/$L$9 -> 40.7
B26: =Plate2_RawData_11_27!E298 -> 0.091
A27: 13.1 (D) | B27: =Plate2_RawData_11_27!E299 -> 0.153 | C27: =AVERAGE(B27,B28) -> 0.1455 | D27: =100*(STDEV(B27,B28)/C27) -> 7.2897606 | E27: =C27-$C$2 -> 0.098 | F27: =(E27-$L$10)/$L$9 -> 97.2 | J27: Timepoint | K27: Label
B28: =Plate2_RawData_11_27!E300 -> 0.138 | J28: Baseline | K28: A
A29: 3.3 (A) | B29: =Plate2_RawData_11_27!E301 -> 0.105 | C29: =AVERAGE(B29,B30) -> 0.104 | D29: =100*(STDEV(B29,B30)/C29) -> 1.3598207 | E29: =C29-$C$2 -> 0.0565 | F29: =(E29-$L$10)/$L$9 -> 55.7 | J29: Cold Dormancy | K29: B
B30: =Plate2_RawData_11_27!E302 -> 0.103 | J30: 3 weeks | K30: C
A31: 14.4 (D) | B31: =Plate2_RawData_11_27!E303 -> 0.115 | C31: =AVERAGE(B31,B32) -> 0.1145 | D31: =100*(STDEV(B31,B32)/C31) -> 0.61756051 | E31: =C31-$C$2 -> 0.067 | F31: =(E31-$L$10)/$L$9 -> 66.2 | J31: 3 months | K31: D
B32: =Plate2_RawData_11_27!E304 -> 0.114
A33: 5.1 (A) | B33: =Plate2_RawData_11_27!E305 -> 0.154 | C33: =AVERAGE(B33,B34) -> 0.156 | D33: =100*(STDEV(B33,B34)/C33) -> 1.8130943 | E33: =C33-$C$2 -> 0.1085 | F33: =(E33-$L$10)/$L$9 -> 107.7
B34: =Plate2_RawData_11_27!E306 -> 0.158
A35: 10.4 (A) | B35: =Plate2_RawData_11_27!E307 -> 0.083 | C35: =AVERAGE(B35,B36) -> 0.1115 | D35: =100*(STDEV(B35,B36)/C35) -> 36.14806 | E35: =C35-$C$2 -> 0.064 | F35: =(E35-$L$10)/$L$9 -> 63.2
B36: =Plate2_RawData_11_27!E308 -> 0.14
A37: 3.1 (D) | B37: =Plate2_RawData_11_27!E309 -> 0.231 | C37: =AVERAGE(B37,B38) -> 0.2275 | D37: =100*(STDEV(B37,B38)/C37) -> 2.1757132 | E37: =C37-$C$2 -> 0.18 | F37: =(E37-$L$10)/$L$9 -> 179.2
B38: =Plate2_RawData_11_27!E310 -> 0.224
A39: 12.2 (A) | B39: =Plate2_RawData_11_27!E311 -> 0.087 | C39: =AVERAGE(B39,B40) -> 0.087 | D39: =100*(STDEV(B39,B40)/C39) -> 0 | E39: =C39-$C$2 -> 0.0395 | F39: =(E39-$L$10)/$L$9 -> 38.7
B40: =Plate2_RawData_11_27!E312 -> 0.087
A41: 13.3 (A) | B41: =Plate2_RawData_11_27!E313 -> 0.148 | C41: =AVERAGE(B41,B42) -> 0.1675 | D41: =100*(STDEV(B41,B42)/C41) -> 16.463979 | E41: =C41-$C$2 -> 0.12 | F41: =(E41-$L$10)/$L$9 -> 119.2
B42: =Plate2_RawData_11_27!E314 -> 0.187
A43: 3.3 (D) | B43: =Plate2_RawData_11_27!E315 -> 0.155 | C43: =AVERAGE(B43,B44) -> 0.169 | D43: =100*(STDEV(B43,B44)/C43) -> 11.715379 | E43: =C43-$C$2 -> 0.1215 | F43: =(E43-$L$10)/$L$9 -> 120.7
B44: =Plate2_RawData_11_27!E316 -> 0.183
A45: 12.2 (C) | B45: =Plate2_RawData_11_27!E317 -> 0.092 | C45: =AVERAGE(B45,B46) -> 0.093 | D45: =100*(STDEV(B45,B46)/C45) -> 1.5206597 | E45: =C45-$C$2 -> 0.0455 | F45: =(E45-$L$10)/$L$9 -> 44.7
B46: =Plate2_RawData_11_27!E318 -> 0.094
A47: 5.1 (C) | B47: =Plate2_RawData_11_27!E319 -> 0.194 | C47: =AVERAGE(B47,B48) -> 0.2075 | D47: =100*(STDEV(B47,B48)/C47) -> 9.2009075 | E47: =C47-$C$2 -> 0.16 | F47: =(E47-$L$10)/$L$9 -> 159.2
B48: =Plate2_RawData_11_27!E320 -> 0.221
A49: 17.4 (C) | B49: =Plate2_RawData_11_27!E321 -> 0.103 | C49: =AVERAGE(B49,B50) -> 0.1045 | D49: =100*(STDEV(B49,B50)/C49) -> 2.0299716 | E49: =C49-$C$2 -> 0.057 | F49: =(E49-$L$10)/$L$9 -> 56.2
B50: =Plate2_RawData_11_27!E322 -> 0.106
A51: 9.4 (A) | B51: =Plate2_RawData_11_27!E323 -> 0.096 | C51: =AVERAGE(B51,B52) -> 0.0985 | D51: =100*(STDEV(B51,B52)/C51) -> 3.5893745 | E51: =C51-$C$2 -> 0.051 | F51: =(E51-$L$10)/$L$9 -> 50.2
B52: =Plate2_RawData_11_27!E324 -> 0.101
A53: 6.4 (C) | B53: =Plate2_RawData_11_27!E325 -> 0.093 | C53: =AVERAGE(B53,B54) -> 0.093 | D53: =100*(STDEV(B53,B54)/C53) -> 0 | E53: =C53-$C$2 -> 0.0455 | F53: =(E53-$L$10)/$L$9 -> 44.7
B54: =Plate2_RawData_11_27!E326 -> 0.093
A55: 17.4 (A) | B55: =Plate2_RawData_11_27!E327 -> 0.132 | C55: =AVERAGE(B55,B56) -> 0.136 | D55: =100*(STDEV(B55,B56)/C55) -> 4.1594517 | E55: =C55-$C$2 -> 0.0885 | F55: =(E55-$L$10)/$L$9 -> 87.7
B56: =Plate2_RawData_11_27!E328 -> 0.14
A57: 17.2 (A) | B57: =Plate2_RawData_11_27!E329 -> 0.221 | C57: =AVERAGE(B57,B58) -> 0.2225 | D57: =100*(STDEV(B57,B58)/C57) -> 0.9534024 | E57: =C57-$C$2 -> 0.175 | F57: =(E57-$L$10)/$L$9 -> 174.2
B58: =Plate2_RawData_11_27!E330 -> 0.224
A59: 14.4 (C) | B59: =Plate2_RawData_11_27!E331 -> 0.061 | C59: =AVERAGE(B59,B60) -> 0.062 | D59: =100*(STDEV(B59,B60)/C59) -> 2.2809896 | E59: =C59-$C$2 -> 0.0145 | F59: =(E59-$L$10)/$L$9 -> 13.7
B60: =Plate2_RawData_11_27!E332 -> 0.063
A61: 15.5 (D) | B61: =Plate2_RawData_11_27!E333 -> 0.089 | C61: =AVERAGE(B61,B62) -> 0.09 | D61: =100*(STDEV(B61,B62)/C61) -> 1.5713484 | E61: =C61-$C$2 -> 0.0425 | F61: =(E61-$L$10)/$L$9 -> 41.7
B62: =Plate2_RawData_11_27!E334 -> 0.091
A63: 15.1 (A) | B63: =Plate2_RawData_11_27!E335 -> 0.088 | C63: =AVERAGE(B63,B64) -> 0.0855 | D63: =100*(STDEV(B63,B64)/C63) -> 4.1351274 | E63: =C63-$C$2 -> 0.038 | F63: =(E63-$L$10)/$L$9 -> 37.2
B64: =Plate2_RawData_11_27!E336 -> 0.083
A65: 9.4 (D) | B65: =Plate2_RawData_11_27!E337 -> 0.145 | C65: =AVERAGE(B65,B66) -> 0.1385 | D65: =100*(STDEV(B65,B66)/C65) -> 6.6371034 | E65: =C65-$C$2 -> 0.091 | F65: =(E65-$L$10)/$L$9 -> 90.2
B66: =Plate2_RawData_11_27!E338 -> 0.132
A67: 2.2 (A) | B67: =Plate2_RawData_11_27!E339 -> 0.123 | C67: =AVERAGE(B67,B68) -> 0.13 | D67: =100*(STDEV(B67,B68)/C67) -> 7.6149961 | E67: =C67-$C$2 -> 0.0825 | F67: =(E67-$L$10)/$L$9 -> 81.7
B68: =Plate2_RawData_11_27!E340 -> 0.137
A69: 6.4 (A) | B69: =Plate2_RawData_11_27!E341 -> 0.065 | C69: =AVERAGE(B69,B70) -> 0.064 | D69: =100*(STDEV(B69,B70)/C69) -> 2.2097087 | E69: =C69-$C$2 -> 0.0165 | F69: =(E69-$L$10)/$L$9 -> 15.7
B70: =Plate2_RawData_11_27!E342 -> 0.063
A71: 3.1 (A) | B71: =Plate2_RawData_11_27!E343 -> 0.094 | C71: =AVERAGE(B71,B72) -> 0.0935 | D71: =100*(STDEV(B71,B72)/C71) -> 0.75626394 | E71: =C71-$C$2 -> 0.046 | F71: =(E71-$L$10)/$L$9 -> 45.2
B72: =Plate2_RawData_11_27!E344 -> 0.093
A73: 15.5 (C) | B73: =Plate2_RawData_11_27!E345 -> 0.063 | C73: =AVERAGE(B73,B74) -> 0.0645 | D73: =100*(STDEV(B73,B74)/C73) -> 3.2888687 | E73: =C73-$C$2 -> 0.017 | F73: =(E73-$L$10)/$L$9 -> 16.2
B74: =Plate2_RawData_11_27!E346 -> 0.066
A75: 3.3 (C) | B75: =Plate2_RawData_11_27!E347 -> 0.175 | C75: =AVERAGE(B75,B76) -> 0.187 | D75: =100*(STDEV(B75,B76)/C75) -> 9.0751672 | E75: =C75-$C$2 -> 0.1395 | F75: =(E75-$L$10)/$L$9 -> 138.7
B76: =Plate2_RawData_11_27!E348 -> 0.199
A77: 6.3 (D) | B77: =Plate2_RawData_11_27!E349 -> 0.097 | C77: =AVERAGE(B77,B78) -> 0.0975 | D77: =100*(STDEV(B77,B78)/C77) -> 0.72523772 | E77: =C77-$C$2 -> 0.05 | F77: =(E77-$L$10)/$L$9 -> 49.2
B78: =Plate2_RawData_11_27!E350 -> 0.098
A79: 10.4 (C) | B79: =Plate2_RawData_11_27!E351 -> 0.105 | C79: =AVERAGE(B79,B80) -> 0.096 | D79: =100*(STDEV(B79,B80)/C79) -> 13.258252 | E79: =C79-$C$2 -> 0.0485 | F79: =(E79-$L$10)/$L$9 -> 47.7
B80: =Plate2_RawData_11_27!E352 -> 0.087
A81: 11.1 (C) | B81: =Plate2_RawData_11_27!E353 -> 0.149 | C81: =AVERAGE(B81,B82) -> 0.1505 | D81: =100*(STDEV(B81,B82)/C81) -> 1.4095152 | E81: =C81-$C$2 -> 0.103 | F81: =(E81-$L$10)/$L$9 -> 102.2
B82: =Plate2_RawData_11_27!E354 -> 0.152
A83: 5.1 (D) | B83: =Plate2_RawData_11_27!E355 -> 0.25 | C83: =AVERAGE(B83,B84) -> 0.242 | D83: =100*(STDEV(B83,B84)/C83) -> 4.6750862 | E83: =C83-$C$2 -> 0.1945 | F83: =(E83-$L$10)/$L$9 -> 193.7
B84: =Plate2_RawData_11_27!E356 -> 0.234
A85: 10.4 (D) | B85: =Plate2_RawData_11_27!E357 -> 0.118 | C85: =AVERAGE(B85,B86) -> 0.1285 | D85: =100*(STDEV(B85,B86)/C85) -> 11.555831 | E85: =C85-$C$2 -> 0.081 | F85: =(E85-$L$10)/$L$9 -> 80.2
B86: =Plate2_RawData_11_27!E358 -> 0.139
A87: 17.4 (D) | B87: =Plate2_RawData_11_27!E359 -> 0.084 | C87: =AVERAGE(B87,B88) -> 0.0875 | D87: =100*(STDEV(B87,B88)/C87) -> 5.6568542 | E87: =C87-$C$2 -> 0.04 | F87: =(E87-$L$10)/$L$9 -> 39.2
B88: =Plate2_RawData_11_27!E360 -> 0.091
A89: 15.1 (D) | B89: =Plate2_RawData_11_27!E361 -> 0.148 | C89: =AVERAGE(B89,B90) -> 0.1545 | D89: =100*(STDEV(B89,B90)/C89) -> 5.9497658 | E89: =C89-$C$2 -> 0.107 | F89: =(E89-$L$10)/$L$9 -> 106.2
B90: =Plate2_RawData_11_27!E362 -> 0.161
A91: 12.2 (A) | B91: =Plate2_RawData_11_27!E363 -> 0.176 | C91: =AVERAGE(B91,B92) -> 0.188 | D91: =100*(STDEV(B91,B92)/C91) -> 9.0268951 | E91: =C91-$C$2 -> 0.1405 | F91: =(E91-$L$10)/$L$9 -> 139.7
B92: =Plate2_RawData_11_27!E364 -> 0.2
A93: 3.1 (C) | B93: =Plate2_RawData_11_27!E365 -> 0.145 | C93: =AVERAGE(B93,B94) -> 0.1535 | D93: =100*(STDEV(B93,B94)/C93) -> 7.83115 | E93: =C93-$C$2 -> 0.106 | F93: =(E93-$L$10)/$L$9 -> 105.2
B94: =Plate2_RawData_11_27!E366 -> 0.162
A95: 13.1 (A) | B95: =Plate2_RawData_11_27!E367 -> 0.087 | C95: =AVERAGE(B95,B96) -> 0.0915 | D95: =100*(STDEV(B95,B96)/C95) -> 6.9551487 | E95: =C95-$C$2 -> 0.044 | F95: =(E95-$L$10)/$L$9 -> 43.2
B96: =Plate2_RawData_11_27!E368 -> 0.096
A97: 9.4 (C) | B97: =Plate2_RawData_11_27!E369 -> 0.158 | C97: =AVERAGE(B97,B98) -> 0.159 | D97: =100*(STDEV(B97,B98)/C97) -> 0.88944249 | E97: =C97-$C$2 -> 0.1115 | F97: =(E97-$L$10)/$L$9 -> 110.7
B98: =Plate2_RawData_11_27!E370 -> 0.16
A99: 6.4 (D) | B99: =Plate2_RawData_11_27!E371 -> 0.06 | C99: =AVERAGE(B99,B100) -> 0.0595 | D99: =100*(STDEV(B99,B100)/C99) -> 1.1884148 | E99: =C99-$C$2 -> 0.012 | F99: =(E99-$L$10)/$L$9 -> 11.2
B100: =Plate2_RawData_11_27!E372 -> 0.059
A101: 13.1 (C) | B101: =Plate2_RawData_11_27!E373 -> 0.134 | C101: =AVERAGE(B101,B102) -> 0.1275 | D101: =100*(STDEV(B101,B102)/C101) -> 7.2097162 | E101: =C101-$C$2 -> 0.08 | F101: =(E101-$L$10)/$L$9 -> 79.2
B102: =Plate2_RawData_11_27!E374 -> 0.121

Sheet Plate2_RawData_11_27
A2: Software Version | B2: 2.09.1
A4: Experiment File Path: | B4: E:\GT_Metabolomics\TRIG_11_27_24_Plate2.xpt
A5: Protocol File Path: | B5: C:\Users\Public\Documents\Protocols\Schwartz_TRIG.prt
A6: Plate Number | B6: Plate 1
A7: Date | B7: 45623
A8: Time | B8: 0.86427083
A9: Reader Type: | B9: Cytation3
A10: Reader Serial Number: | B10: Unknown
A11: Reading Type | B11: Reader
A13: Procedure Details
A14: Plate Type | B14: 96 WELL PLATE
A15: Eject plate on completion
A16: Read | B16: Absorbance Endpoint
B17: Full Plate
B18: Wavelengths: 500
B19: Read Speed: Normal, Delay: 100 msec, Measurements/Data Point: 8
A21: Layout
C23: 1 | D23: 2 | E23: 3 | F23: 4 | G23: 5 | H23: 6 | I23: 7 | J23: 8 | K23: 9 | L23: 10 | M23: 11 | N23: 12
B24: A | C24: BLK | D24: STD4 | E24: SPL2 | F24: SPL6 | G24: SPL10 | H24: SPL14 | I24: SPL18 | J24: SPL22 | K24: SPL26 | L24: SPL30 | M24: SPL34 | N24: SPL38 | O24: Well ID
D25: 100 | O25: Conc/Dil
B26: B | C26: BLK | D26: STD4 | E26: SPL2 | F26: SPL6 | G26: SPL10 | H26: SPL14 | I26: SPL18 | J26: SPL22 | K26: SPL26 | L26: SPL30 | M26: SPL34 | N26: SPL38 | O26: Well ID
D27: 100 | O27: Conc/Dil
B28: C | C28: STD1 | D28: STD5 | E28: SPL3 | F28: SPL7 | G28: SPL11 | H28: SPL15 | I28: SPL19 | J28: SPL23 | K28: SPL27 | L28: SPL31 | M28: SPL35 | N28: SPL39 | O28: Well ID
C29: 0 | D29: 150 | O29: Conc/Dil
B30: D | C30: STD1 | D30: STD5 | E30: SPL3 | F30: SPL7 | G30: SPL11 | H30: SPL15 | I30: SPL19 | J30: SPL23 | K30: SPL27 | L30: SPL31 | M30: SPL35 | N30: SPL39 | O30: Well ID
C31: 0 | D31: 150 | O31: Conc/Dil
B32: E | C32: STD2 | D32: STD6 | E32: SPL4 | F32: SPL8 | G32: SPL12 | H32: SPL16 | I32: SPL20 | J32: SPL24 | K32: SPL28 | L32: SPL32 | M32: SPL36 | N32: SPL40 | O32: Well ID
C33: 12.5 | D33: 200 | O33: Conc/Dil
B34: F | C34: STD2 | D34: STD6 | E34: SPL4 | F34: SPL8 | G34: SPL12 | H34: SPL16 | I34: SPL20 | J34: SPL24 | K34: SPL28 | L34: SPL32 | M34: SPL36 | N34: SPL40 | O34: Well ID
C35: 12.5 | D35: 200 | O35: Conc/Dil
B36: G | C36: STD3 | D36: SPL1 | E36: SPL5 | F36: SPL9 | G36: SPL13 | H36: SPL17 | I36: SPL21 | J36: SPL25 | K36: SPL29 | L36: SPL33 | M36: SPL37 | N36: SPL41 | O36: Well ID
C37: 50 | O37: Conc/Dil
B38: H | C38: STD3 | D38: SPL1 | E38: SPL5 | F38: SPL9 | G38: SPL13 | H38: SPL17 | I38: SPL21 | J38: SPL25 | K38: SPL29 | L38: SPL33 | M38: SPL37 | N38: SPL41 | O38: Well ID
C39: 50 | O39: Conc/Dil
A41: 500
A42: Actual Temperature: | B42: 26.9
A43: Actual Temperature: | B43: 26.9
A44: Actual Temperature: | B44: 26.9
A45: Actual Temperature: | B45: 26.9
A46: Actual Temperature: | B46: 26.9
B48: Well ID | C48: Well | D48: Conc/Dil | E48: 500 | F48: Count | G48: Mean | H48: Std Dev | I48: CV (%)
B49: BLK | C49: A1 | E49: 0.052 | F49: 2 | G49: 0.047 | H49: 0.006 | I49: 12.369
C50: B1 | E50: 0.043
B51: SPL1 | C51: G2 | E51: 0.193 | F51: 2 | G51: 0.189 | H51: 0.006 | I51: 3.223
C52: H2 | E52: 0.184
B53: SPL2 | C53: A3 | E53: 0.138 | F53: 2 | G53: 0.143 | H53: 0.007 | I53: 4.655
C54: B3 | E54: 0.147
B55: SPL3 | C55: C3 | E55: 0.087 | F55: 2 | G55: 0.089 | H55: 0.003 | I55: 3.259
C56: D3 | E56: 0.091
B57: SPL4 | C57: E3 | E57: 0.153 | F57: 2 | G57: 0.145 | H57: 0.011 | I57: 7.494
C58: F3 | E58: 0.138
B59: SPL5 | C59: G3 | E59: 0.105 | F59: 2 | G59: 0.104 | H59: 0.001 | I59: 1.223
C60: H3 | E60: 0.103
B61: SPL6 | C61: A4 | E61: 0.115 | F61: 2 | G61: 0.114 | H61: 0.001 | I61: 0.865
C62: B4 | E62: 0.114
B63: SPL7 | C63: C4 | E63: 0.154 | F63: 2 | G63: 0.156 | H63: 0.003 | I63: 1.676
C64: D4 | E64: 0.158
B65: SPL8 | C65: E4 | E65: 0.083 | F65: 2 | G65: 0.111 | H65: 0.041 | I65: 36.387
C66: F4 | E66: 0.14
B67: SPL9 | C67: G4 | E67: 0.231 | F67: 2 | G67: 0.227 | H67: 0.005 | I67: 2.24
C68: H4 | E68: 0.224
B69: SPL10 | C69: A5 | E69: 0.087 | F69: 2 | G69: 0.087 | H69: 0 | I69: 0.325
C70: B5 | E70: 0.087
B71: SPL11 | C71: C5 | E71: 0.148 | F71: 2 | G71: 0.167 | H71: 0.028 | I71: 16.464
C72: D5 | E72: 0.187
B73: SPL12 | C73: E5 | E73: 0.155 | F73: 2 | G73: 0.169 | H73: 0.02 | I73: 11.883
C74: F5 | E74: 0.183
B75: SPL13 | C75: G5 | E75: 0.092 | F75: 2 | G75: 0.093 | H75: 0.001 | I75: 1.517
C76: H5 | E76: 0.094
B77: SPL14 | C77: A6 | E77: 0.194 | F77: 2 | G77: 0.207 | H77: 0.019 | I77: 9.223
C78: B6 | E78: 0.221
B79: SPL15 | C79: C6 | E79: 0.103 | F79: 2 | G79: 0.104 | H79: 0.002 | I79: 1.967
C80: D6 | E80: 0.106
B81: SPL16 | C81: E6 | E81: 0.096 | F81: 2 | G81: 0.099 | H81: 0.003 | I81: 3.229
C82: F6 | E82: 0.101
B83: SPL17 | C83: G6 | E83: 0.093 | F83: 2 | G83: 0.093 | H83: 0 | I83: 0.456
C84: H6 | E84: 0.093
B85: SPL18 | C85: A7 | E85: 0.132 | F85: 2 | G85: 0.136 | H85: 0.006 | I85: 4.374
C86: B7 | E86: 0.14
B87: SPL19 | C87: C7 | E87: 0.221 | F87: 2 | G87: 0.222 | H87: 0.002 | I87: 1.05
C88: D7 | E88: 0.224
B89: SPL20 | C89: E7 | E89: 0.061 | F89: 2 | G89: 0.062 | H89: 0.001 | I89: 1.816
C90: F7 | E90: 0.063
B91: SPL21 | C91: G7 | E91: 0.089 | F91: 2 | G91: 0.09 | H91: 0.001 | I91: 1.101
C92: H7 | E92: 0.091
B93: SPL22 | C93: A8 | E93: 0.088 | F93: 2 | G93: 0.085 | H93: 0.003 | I93: 3.724
C94: B8 | E94: 0.083
B95: SPL23 | C95: C8 | E95: 0.145 | F95: 2 | G95: 0.139 | H95: 0.009 | I95: 6.38
C96: D8 | E96: 0.132
B97: SPL24 | C97: E8 | E97: 0.123 | F97: 2 | G97: 0.13 | H97: 0.01 | I97: 7.575
C98: F8 | E98: 0.137
B99: SPL25 | C99: G8 | E99: 0.065 | F99: 2 | G99: 0.064 | H99: 0.002 | I99: 2.438
C100: H8 | E100: 0.063
B101: SPL26 | C101: A9 | E101: 0.094 | F101: 2 | G101: 0.094 | H101: 0.001 | I101: 0.981
C102: B9 | E102: 0.093
B103: SPL27 | C103: C9 | E103: 0.063 | F103: 2 | G103: 0.065 | H103: 0.002 | I103: 2.739
C104: D9 | E104: 0.066
B105: SPL28 | C105: E9 | E105: 0.175 | F105: 2 | G105: 0.187 | H105: 0.017 | I105: 8.938
C106: F9 | E106: 0.199
B107: SPL29 | C107: G9 | E107: 0.097 | F107: 2 | G107: 0.097 | H107: 0.001 | I107: 0.799
...

Sheet Plate1_Analysis_11_27
A1: Standard | B1: Absorbance | C1: Mean | D1: CV | F1: CorrAbs | H1: Concentation | K1: Data for Plot
A2: Blank | B2: =Plate1_RawData_11_27!E291 -> 0.043 | C2: =AVERAGE(B2,B3) -> 0.043 | D2: =100*(STDEV(B2,B3)/C2) -> 0 | F2: =C2-$C$2 -> 0 | H2: 0 | K2: 0 | L2: =F4 -> 0.001
A3: Blank | B3: =Plate1_RawData_11_27!E292 -> 0.043 | K3: 12.5 | L3: =F6 -> 0.013
A4: S0 | B4: =Plate1_RawData_11_27!E341 -> 0.043 | C4: =AVERAGE(B4,B5) -> 0.044 | D4: =100*(STDEV(B4,B5)/C4) -> 3.2141217 | E4: Subsituted for value in G8, higher than normal | F4: =C4-$C$2 -> 0.001 | H4: 0 | K4: 50 | L4: =F8 -> 0.0495
A5: S0 | B5: =Plate1_RawData_11_27!E342 -> 0.045 | K5: 100 | L5: =F10 -> 0.0995
A6: S1 | B6: =Plate1_RawData_11_27!E377 -> 0.056 | C6: =AVERAGE(B6,B7) -> 0.056 | D6: =100*(STDEV(B6,B7)/C6) -> 0 | F6: =C6-$C$2 -> 0.013 | H6: 12.5 | K6: 150 | L6: =F12 -> 0.169
A7: S1 | B7: =Plate1_RawData_11_27!E378 -> 0.056 | K7: 200 | L7: =F14 -> 0.243
A8: S3 | B8: =Plate1_RawData_11_27!E379 -> 0.088 | C8: =AVERAGE(B8,B9) -> 0.0925 | D8: =100*(STDEV(B8,B9)/C8) -> 6.8799579 | F8: =C8-$C$2 -> 0.0495 | H8: 50
A9: S3 | B9: =Plate1_RawData_11_27!E380 -> 0.097 | K9: Slope | L9: 0.0012
A10: S5 | B10: =Plate1_RawData_11_27!E381 -> 0.14 | C10: =AVERAGE(B10,B11) -> 0.1425 | D10: =100*(STDEV(B10,B11)/C10) -> 2.4810764 | F10: =C10-$C$2 -> 0.0995 | H10: 100 | K10: Intercept | L10: 0.006
A11: S5 | B11: =Plate1_RawData_11_27!E382 -> 0.145
A12: S7 | B12: =Plate1_RawData_11_27!E383 -> 0.206 | C12: =AVERAGE(B12,B13) -> 0.212 | D12: =100*(STDEV(B12,B13)/C12) -> 4.0024912 | F12: =C12-$C$2 -> 0.169 | H12: 150
A13: S7 | B13: =Plate1_RawData_11_27!E384 -> 0.218
A14: S9 | B14: =Plate1_RawData_11_27!E385 -> 0.321 | C14: =AVERAGE(B14,B15) -> 0.286 | D14: =100*(STDEV(B14,B15)/C14) -> 17.306809 | F14: =C14-$C$2 -> 0.243 | H14: 200
A15: S9 | B15: =Plate1_RawData_11_27!E386 -> 0.251
A20: Sample Name | B20: Absorbance | C20: Mean | D20: CV | E20: CorrAbs | F20: Final Concentration | H20: Color Scheme: | J20: Overwinter | K20: Greenhouse
A21: GH_Pool | B21: =Plate1_RawData_11_27!E293 -> 0.149 | C21: =AVERAGE(B21,B22) -> 0.1585 | D21: =100*(STDEV(B21,B22)/C21) -> 8.4763589 | E21: =C21-$C$2 -> 0.1155 | F21: =(E21-$L$10)/$L$9 -> 91.25
B22: =Plate1_RawData_11_27!E294 -> 0.168
A23: 10.1 (A) | B23: =Plate1_RawData_11_27!E295 -> 0.113 | C23: =AVERAGE(B23,B24) -> 0.116 | D23: =100*(STDEV(B23,B24)/C23) -> 3.6574489 | E23: =C23-$C$2 -> 0.073 | F23: =(E23-$L$10)/$L$9 -> 55.833333
B24: =Plate1_RawData_11_27!E296 -> 0.119
A25: 15.2 (A) | B25: =Plate1_RawData_11_27!E297 -> 0.108 | C25: =AVERAGE(B25,B26) -> 0.1095 | D25: =100*(STDEV(B25,B26)/C25) -> 1.9372789 | E25: =C25-$C$2 -> 0.0665 | F25: =(E25-$L$10)/$L$9 -> 50.416667
B26: =Plate1_RawData_11_27!E298 -> 0.111
A27: 5.2 (D) | B27: =Plate1_RawData_11_27!E299 -> 0.043 | C27: =AVERAGE(B27,B28) -> 0.043 | D27: =100*(STDEV(B27,B28)/C27) -> 0 | E27: =C27-$C$2 -> 0 | F27: =(E27-$L$10)/$L$9 -> -5 | J27: Timepoint | K27: Label
B28: =Plate1_RawData_11_27!E300 -> 0.043 | J28: Baseline | K28: A
A29: 11.1 (A) | B29: =Plate1_RawData_11_27!E301 -> 0.114 | C29: =AVERAGE(B29,B30) -> 0.122 | D29: =100*(STDEV(B29,B30)/C29) -> 9.2735316 | E29: =C29-$C$2 -> 0.079 | F29: =(E29-$L$10)/$L$9 -> 60.833333 | J29: Cold Dormancy | K29: B
B30: =Plate1_RawData_11_27!E302 -> 0.13 | J30: 3 weeks | K30: C
A31: 10.1 (D) | B31: =Plate1_RawData_11_27!E303 -> 0.053 | C31: =AVERAGE(B31,B32) -> 0.056 | D31: =100*(STDEV(B31,B32)/C31) -> 7.5761441 | E31: =C31-$C$2 -> 0.013 | F31: =(E31-$L$10)/$L$9 -> 5.8333333 | J31: 3 months | K31: D
B32: =Plate1_RawData_11_27!E304 -> 0.059
A33: 12.5 (A) | B33: =Plate1_RawData_11_27!E305 -> 0.215 | C33: =AVERAGE(B33,B34) -> 0.172 | D33: =100*(STDEV(B33,B34)/C33) -> 35.355339 | E33: =C33-$C$2 -> 0.129 | F33: =(E33-$L$10)/$L$9 -> 102.5
B34: =Plate1_RawData_11_27!E306 -> 0.129
A35: 13.3 (A) | B35: =Plate1_RawData_11_27!E307 -> 0.162 | C35: =AVERAGE(B35,B36) -> 0.175 | D35: =100*(STDEV(B35,B36)/C35) -> 10.505586 | E35: =C35-$C$2 -> 0.132 | F35: =(E35-$L$10)/$L$9 -> 105
B36: =Plate1_RawData_11_27!E308 -> 0.188
A37: 9.3 (D) | B37: =Plate1_RawData_11_27!E309 -> 0.152 | C37: =AVERAGE(B37,B38) -> 0.159 | D37: =100*(STDEV(B37,B38)/C37) -> 6.2260974 | E37: =C37-$C$2 -> 0.116 | F37: =(E37-$L$10)/$L$9 -> 91.666667
B38: =Plate1_RawData_11_27!E310 -> 0.166
A39: 10.5 (A) | B39: =Plate1_RawData_11_27!E311 -> 0.108 | C39: =AVERAGE(B39,B40) -> 0.1125 | D39: =100*(STDEV(B39,B40)/C39) -> 5.6568542 | E39: =C39-$C$2 -> 0.0695 | F39: =(E39-$L$10)/$L$9 -> 52.916667
B40: =Plate1_RawData_11_27!E312 -> 0.117
A41: 15.2 (C) | B41: =Plate1_RawData_11_27!E313 -> 0.067 | C41: =AVERAGE(B41,B42) -> 0.0655 | D41: =100*(STDEV(B41,B42)/C41) -> 3.238657 | E41: =C41-$C$2 -> 0.0225 | F41: =(E41-$L$10)/$L$9 -> 13.75
B42: =Plate1_RawData_11_27!E314 -> 0.064
A43: 11.1 (D) | B43: =Plate1_RawData_11_27!E315 -> 0.145 | C43: =AVERAGE(B43,B44) -> 0.1385 | D43: =100*(STDEV(B43,B44)/C43) -> 6.6371034 | E43: =C43-$C$2 -> 0.0955 | F43: =(E43-$L$10)/$L$9 -> 74.583333
B44: =Plate1_RawData_11_27!E316 -> 0.132
A45: 10.5 (C) | B45: =Plate1_RawData_11_27!E317 -> 0.047 | C45: =AVERAGE(B45,B46) -> 0.0465 | D45: =100*(STDEV(B45,B46)/C45) -> 1.5206597 | E45: =C45-$C$2 -> 0.0035 | F45: =(E45-$L$10)/$L$9 -> -2.0833333
B46: =Plate1_RawData_11_27!E318 -> 0.046
A47: 12.5 (C) | B47: =Plate1_RawData_11_27!E319 -> 0.058 | C47: =AVERAGE(B47,B48) -> 0.0585 | D47: =100*(STDEV(B47,B48)/C47) -> 1.2087295 | E47: =C47-$C$2 -> 0.0155 | F47: =(E47-$L$10)/$L$9 -> 7.9166667
B48: =Plate1_RawData_11_27!E320 -> 0.059
A49: 17.2 (C) | B49: =Plate1_RawData_11_27!E321 -> 0.123 | C49: =AVERAGE(B49,B50) -> 0.12 | D49: =100*(STDEV(B49,B50)/C49) -> 3.5355339 | E49: =C49-$C$2 -> 0.077 | F49: =(E49-$L$10)/$L$9 -> 59.166667
B50: =Plate1_RawData_11_27!E322 -> 0.117
A51: 7.4 (A) | B51: =Plate1_RawData_11_27!E323 -> 0.043 | C51: =AVERAGE(B51,B52) -> 0.043 | D51: =100*(STDEV(B51,B52)/C51) -> 0 | E51: =C51-$C$2 -> 0 | F51: =(E51-$L$10)/$L$9 -> -5
B52: =Plate1_RawData_11_27!E324 -> 0.043
A53: 5.2 (C) | B53: =Plate1_RawData_11_27!E325 -> 0.106 | C53: =AVERAGE(B53,B54) -> 0.104 | D53: =100*(STDEV(B53,B54)/C53) -> 2.7196415 | E53: =C53-$C$2 -> 0.061 | F53: =(E53-$L$10)/$L$9 -> 45.833333
B54: =Plate1_RawData_11_27!E326 -> 0.102
A55: 17.2 (A) | B55: =Plate1_RawData_11_27!E327 -> 0.188 | C55: =AVERAGE(B55,B56) -> 0.2045 | D55: =100*(STDEV(B55,B56)/C55) -> 11.410525 | E55: =C55-$C$2 -> 0.1615 | F55: =(E55-$L$10)/$L$9 -> 129.58333
B56: =Plate1_RawData_11_27!E328 -> 0.221
A57: 15.1 (A) | B57: =Plate1_RawData_11_27!E329 -> 0.1 | C57: =AVERAGE(B57,B58) -> 0.091 | D57: =100*(STDEV(B57,B58)/C57) -> 13.986728 | E57: =C57-$C$2 -> 0.048 | F57: =(E57-$L$10)/$L$9 -> 35
B58: =Plate1_RawData_11_27!E330 -> 0.082
A59: 10.1 (C) | B59: =Plate1_RawData_11_27!E331 -> 0.096 | C59: =AVERAGE(B59,B60) -> 0.0985 | D59: =100*(STDEV(B59,B60)/C59) -> 3.5893745 | E59: =C59-$C$2 -> 0.0555 | F59: =(E59-$L$10)/$L$9 -> 41.25
B60: =Plate1_RawData_11_27!E332 -> 0.101
A61: 17.5 (D) | B61: =Plate1_RawData_11_27!E333 -> 0.164 | C61: =AVERAGE(B61,B62) -> 0.157 | D61: =100*(STDEV(B61,B62)/C61) -> 6.3054108 | E61: =C61-$C$2 -> 0.114 | F61: =(E61-$L$10)/$L$9 -> 90
B62: =Plate1_RawData_11_27!E334 -> 0.15
A63: 15.1 (C) | B63: =Plate1_RawData_11_27!E335 -> 0.081 | C63: =AVERAGE(B63,B64) -> 0.084 | D63: =100*(STDEV(B63,B64)/C63) -> 5.0507627 | E63: =C63-$C$2 -> 0.041 | F63: =(E63-$L$10)/$L$9 -> 29.166667
B64: =Plate1_RawData_11_27!E336 -> 0.087
A65: 7.4 (D) | B65: =Plate1_RawData_11_27!E337 -> 0.234 | C65: =AVERAGE(B65,B66) -> 0.2365 | D65: =100*(STDEV(B65,B66)/C65) -> 1.4949403 | E65: =C65-$C$2 -> 0.1935 | F65: =(E65-$L$10)/$L$9 -> 156.25
B66: =Plate1_RawData_11_27!E338 -> 0.239
A67: 2.2 (A) | B67: =Plate1_RawData_11_27!E339 -> 0.103 | C67: =AVERAGE(B67,B68) -> 0.1115 | D67: =100*(STDEV(B67,B68)/C67) -> 10.781 | E67: =C67-$C$2 -> 0.0685 | F67: =(E67-$L$10)/$L$9 -> 52.083333
B68: =Plate1_RawData_11_27!E340 -> 0.12
A69: 7.5 (A) | B69: =Plate1_RawData_11_27!E341 -> 0.043 | C69: =AVERAGE(B69,B70) -> 0.044 | D69: =100*(STDEV(B69,B70)/C69) -> 3.2141217 | E69: =C69-$C$2 -> 0.001 | F69: =(E69-$L$10)/$L$9 -> -4.1666667
B70: =Plate1_RawData_11_27!E342 -> 0.045
A71: 9.3 (A) | B71: =Plate1_RawData_11_27!E343 -> 0.073 | C71: =AVERAGE(B71,B72) -> 0.076 | D71: =100*(STDEV(B71,B72)/C71) -> 5.582422 | E71: =C71-$C$2 -> 0.033 | F71: =(E71-$L$10)/$L$9 -> 22.5
B72: =Plate1_RawData_11_27!E344 -> 0.079
A73: 17.5 (C) | B73: =Plate1_RawData_11_27!E345 -> 0.055 | C73: =AVERAGE(B73,B74) -> 0.057 | D73: =100*(STDEV(B73,B74)/C73) -> 4.9621529 | E73: =C73-$C$2 -> 0.014 | F73: =(E73-$L$10)/$L$9 -> 6.6666667
B74: =Plate1_RawData_11_27!E346 -> 0.059
A75: 11.1 (C) | B75: =Plate1_RawData_11_27!E347 -> 0.043 | C75: =AVERAGE(B75,B76) -> 0.0795 | D75: =100*(STDEV(B75,B76)/C75) -> 64.929302 | E75: =C75-$C$2 -> 0.0365 | F75: =(E75-$L$10)/$L$9 -> 25.416667
B76: =Plate1_RawData_11_27!E348 -> 0.116
A77: 15.2 (D) | B77: =Plate1_RawData_11_27!E349 -> 0.119 | C77: =AVERAGE(B77,B78) -> 0.1295 | D77: =100*(STDEV(B77,B78)/C77) -> 11.466596 | E77: =C77-$C$2 -> 0.0865 | F77: =(E77-$L$10)/$L$9 -> 67.083333
B78: =Plate1_RawData_11_27!E350 -> 0.14
A79: 13.3 (C) | B79: =Plate1_RawData_11_27!E351 -> 0.111 | C79: =AVERAGE(B79,B80) -> 0.1175 | D79: =100*(STDEV(B79,B80)/C79) -> 7.8233091 | E79: =C79-$C$2 -> 0.0745 | F79: =(E79-$L$10)/$L$9 -> 57.083333
B80: =Plate1_RawData_11_27!E352 -> 0.124
A81: 17.5 (A) | B81: =Plate1_RawData_11_27!E353 -> 0.197 | C81: =AVERAGE(B81,B82) -> 0.2075 | D81: =100*(STDEV(B81,B82)/C81) -> 7.1562614 | E81: =C81-$C$2 -> 0.1645 | F81: =(E81-$L$10)/$L$9 -> 132.08333
B82: =Plate1_RawData_11_27!E354 -> 0.218
A83: 12.5 (D) | B83: =Plate1_RawData_11_27!E355 -> 0.142 | C83: =AVERAGE(B83,B84) -> 0.156 | D83: =100*(STDEV(B83,B84)/C83) -> 12.69166 | E83: =C83-$C$2 -> 0.113 | F83: =(E83-$L$10)/$L$9 -> 89.166667
B84: =Plate1_RawData_11_27!E356 -> 0.17
A85: 7.5 (C) | B85: =Plate1_RawData_11_27!E357 -> 0.053 | C85: =AVERAGE(B85,B86) -> 0.0475 | D85: =100*(STDEV(B85,B86)/C85) -> 16.375104 | E85: =C85-$C$2 -> 0.0045 | F85: =(E85-$L$10)/$L$9 -> -1.25
B86: =Plate1_RawData_11_27!E358 -> 0.042
A87: 17.2 (D) | B87: =Plate1_RawData_11_27!E359 -> 0.111 | C87: =AVERAGE(B87,B88) -> 0.1145 | D87: =100*(STDEV(B87,B88)/C87) -> 4.3229236 | E87: =C87-$C$2 -> 0.0715 | F87: =(E87-$L$10)/$L$9 -> 54.583333
B88: =Plate1_RawData_11_27!E360 -> 0.118
A89: 15.1 (D) | B89: =Plate1_RawData_11_27!E361 -> 0.114 | C89: =AVERAGE(B89,B90) -> 0.116 | D89: =100*(STDEV(B89,B90)/C89) -> 2.4382992 | E89: =C89-$C$2 -> 0.073 | F89: =(E89-$L$10)/$L$9 -> 55.833333
B90: =Plate1_RawData_11_27!E362 -> 0.118
A91: 10.5 (D) | B91: =Plate1_RawData_11_27!E363 -> 0.042 | C91: =AVERAGE(B91,B92) -> 0.043 | D91: =100*(STDEV(B91,B92)/C91) -> 3.2888687 | E91: =C91-$C$2 -> 0 | F91: =(E91-$L$10)/$L$9 -> -5
B92: =Plate1_RawData_11_27!E364 -> 0.044
A93: 9.3 (C) | B93: =Plate1_RawData_11_27!E365 -> 0.066 | C93: =AVERAGE(B93,B94) -> 0.067 | D93: =100*(STDEV(B93,B94)/C93) -> 2.1107665 | E93: =C93-$C$2 -> 0.024 | F93: =(E93-$L$10)/$L$9 -> 15
B94: =Plate1_RawData_11_27!E366 -> 0.068
A95: 5.2 (A) | B95: =Plate1_RawData_11_27!E367 -> 0.103 | C95: =AVERAGE(B95,B96) -> 0.1095 | D95: =100*(STDEV(B95,B96)/C95) -> 8.394875 | E95: =C95-$C$2 -> 0.0665 | F95: =(E95-$L$10)/$L$9 -> 50.416667
B96: =Plate1_RawData_11_27!E368 -> 0.116
A97: 7.4 (C) | B97: =Plate1_RawData_11_27!E369 -> 0.054 | C97: =AVERAGE(B97,B98) -> 0.0505 | D97: =100*(STDEV(B97,B98)/C97) -> 9.8014801 | E97: =C97-$C$2 -> 0.0075 | F97: =(E97-$L$10)/$L$9 -> 1.25
B98: =Plate1_RawData_11_27!E370 -> 0.047
A99: 7.5 (D) | B99: =Plate1_RawData_11_27!E371 -> 0.117 | C99: =AVERAGE(B99,B100) -> 0.1165 | D99: =100*(STDEV(B99,B100)/C99) -> 0.60695861 | E99: =C99-$C$2 -> 0.0735 | F99: =(E99-$L$10)/$L$9 -> 56.25
B100: =Plate1_RawData_11_27!E372 -> 0.116
A101: 13.3 (D) | B101: =Plate1_RawData_11_27!E373 -> 0.283 | C101: =AVERAGE(B101,B102) -> 0.27 | D101: =100*(STDEV(B101,B102)/C101) -> 6.8091764 | E101: =C101-$C$2 -> 0.227 | F101: =(E101-$L$10)/$L$9 -> 184.16667
B102: =Plate1_RawData_11_27!E374 -> 0.257

Sheet Plate1_RawData_11_27
A2: Software Version | B2: 2.09.1
A4: Experiment File Path: | B4: E:\GT_Metabolomics\TRIG_11_27_24_Plate1.xpt
A5: Protocol File Path:
A6: Plate Number | B6: Plate 1
A7: Date | B7: 45623
A8: Time | B8: 0.76060185
A9: Reader Type: | B9: Cytation3
A10: Reader Serial Number: | B10: Unknown
A11: Reading Type | B11: Reader
A13: Procedure Details
A14: Plate Type | B14: 96 WELL PLATE
A15: Eject plate on completion
A16: Read | B16: Absorbance Endpoint
B17: Full Plate
B18: Wavelengths: 500
B19: Read Speed: Normal, Delay: 100 msec, Measurements/Data Point: 8
A21: Layout
C23: 1 | D23: 2 | E23: 3 | F23: 4 | G23: 5 | H23: 6 | I23: 7 | J23: 8 | K23: 9 | L23: 10 | M23: 11 | N23: 12
B24: A | C24: BLK | D24: STD4 | E24: SPL2 | F24: SPL6 | G24: SPL10 | H24: SPL14 | I24: SPL18 | J24: SPL22 | K24: SPL26 | L24: SPL30 | M24: SPL34 | N24: SPL38 | O24: Well ID
D25: 100 | O25: Conc/Dil
B26: B | C26: BLK | D26: STD4 | E26: SPL2 | F26: SPL6 | G26: SPL10 | H26: SPL14 | I26: SPL18 | J26: SPL22 | K26: SPL26 | L26: SPL30 | M26: SPL34 | N26: SPL38 | O26: Well ID
D27: 100 | O27: Conc/Dil
B28: C | C28: STD1 | D28: STD5 | E28: SPL3 | F28: SPL7 | G28: SPL11 | H28: SPL15 | I28: SPL19 | J28: SPL23 | K28: SPL27 | L28: SPL31 | M28: SPL35 | N28: SPL39 | O28: Well ID
C29: 0 | D29: 150 | O29: Conc/Dil
B30: D | C30: STD1 | D30: STD5 | E30: SPL3 | F30: SPL7 | G30: SPL11 | H30: SPL15 | I30: SPL19 | J30: SPL23 | K30: SPL27 | L30: SPL31 | M30: SPL35 | N30: SPL39 | O30: Well ID
C31: 0 | D31: 150 | O31: Conc/Dil
B32: E | C32: STD2 | D32: STD6 | E32: SPL4 | F32: SPL8 | G32: SPL12 | H32: SPL16 | I32: SPL20 | J32: SPL24 | K32: SPL28 | L32: SPL32 | M32: SPL36 | N32: SPL40 | O32: Well ID
C33: 12.5 | D33: 200 | O33: Conc/Dil
B34: F | C34: STD2 | D34: STD6 | E34: SPL4 | F34: SPL8 | G34: SPL12 | H34: SPL16 | I34: SPL20 | J34: SPL24 | K34: SPL28 | L34: SPL32 | M34: SPL36 | N34: SPL40 | O34: Well ID
C35: 12.5 | D35: 200 | O35: Conc/Dil
B36: G | C36: STD3 | D36: SPL1 | E36: SPL5 | F36: SPL9 | G36: SPL13 | H36: SPL17 | I36: SPL21 | J36: SPL25 | K36: SPL29 | L36: SPL33 | M36: SPL37 | N36: SPL41 | O36: Well ID
C37: 50 | O37: Conc/Dil
B38: H | C38: STD3 | D38: SPL1 | E38: SPL5 | F38: SPL9 | G38: SPL13 | H38: SPL17 | I38: SPL21 | J38: SPL25 | K38: SPL29 | L38: SPL33 | M38: SPL37 | N38: SPL41 | O38: Well ID
C39: 50 | O39: Conc/Dil
A41: 500
A42: Actual Temperature: | B42: 26.8
A43: Actual Temperature: | B43: 26.8
A44: Actual Temperature: | B44: 26.8
A45: Actual Temperature: | B45: 26.8
A46: Actual Temperature: | B46: 26.8
B48: Well ID | C48: Well | D48: Conc/Dil | E48: 500 | F48: Count | G48: Mean | H48: Std Dev | I48: CV (%)
B49: BLK | C49: A1 | E49: 0.043 | F49: 2 | G49: 0.043 | H49: 0.001 | I49: 1.478
C50: B1 | E50: 0.043
B51: SPL1 | C51: G2 | E51: 0.149 | F51: 2 | G51: 0.159 | H51: 0.013 | I51: 8.198
C52: H2 | E52: 0.168
B53: SPL2 | C53: A3 | E53: 0.113 | F53: 2 | G53: 0.116 | H53: 0.004 | I53: 3.849
C54: B3 | E54: 0.119
B55: SPL3 | C55: C3 | E55: 0.108 | F55: 2 | G55: 0.109 | H55: 0.001 | I55: 1.357
C56: D3 | E56: 0.111
B57: SPL4 | C57: E3 | E57: 0.043 | F57: 2 | G57: 0.043 | H57: 0 | I57: 0.493
C58: F3 | E58: 0.043
B59: SPL5 | C59: G3 | E59: 0.114 | F59: 2 | G59: 0.122 | H59: 0.011 | I59: 8.879
C60: H3 | E60: 0.13
B61: SPL6 | C61: A4 | E61: 0.053 | F61: 2 | G61: 0.056 | H61: 0.004 | I61: 6.976
C62: B4 | E62: 0.059
B63: SPL7 | C63: C4 | E63: 0.215 | F63: 2 | G63: 0.172 | H63: 0.061 | I63: 35.324
C64: D4 | E64: 0.129
B65: SPL8 | C65: E4 | E65: 0.162 | F65: 2 | G65: 0.175 | H65: 0.018 | I65: 10.275
C66: F4 | E66: 0.188
B67: SPL9 | C67: G4 | E67: 0.152 | F67: 2 | G67: 0.159 | H67: 0.01 | I67: 6.331
C68: H4 | E68: 0.166
B69: SPL10 | C69: A5 | E69: 0.108 | F69: 2 | G69: 0.112 | H69: 0.006 | I69: 5.485
C70: B5 | E70: 0.117
B71: SPL11 | C71: C5 | E71: 0.067 | F71: 2 | G71: 0.066 | H71: 0.002 | I71: 3.014
C72: D5 | E72: 0.064
B73: SPL12 | C73: E5 | E73: 0.145 | F73: 2 | G73: 0.139 | H73: 0.009 | I73: 6.579
C74: F5 | E74: 0.132
B75: SPL13 | C75: G5 | E75: 0.047 | F75: 2 | G75: 0.046 | H75: 0 | I75: 0.305
C76: H5 | E76: 0.046
B77: SPL14 | C77: A6 | E77: 0.058 | F77: 2 | G77: 0.059 | H77: 0.001 | I77: 1.927
C78: B6 | E78: 0.059
B79: SPL15 | C79: C6 | E79: 0.123 | F79: 2 | G79: 0.12 | H79: 0.004 | I79: 3.294
C80: D6 | E80: 0.117
B81: SPL16 | C81: E6 | E81: 0.043 | F81: 2 | G81: 0.043 | H81: 0 | I81: 1.147
C82: F6 | E82: 0.043
B83: SPL17 | C83: G6 | E83: 0.106 | F83: 2 | G83: 0.104 | H83: 0.003 | I83: 2.919
C84: H6 | E84: 0.102
B85: SPL18 | C85: A7 | E85: 0.188 | F85: 2 | G85: 0.205 | H85: 0.023 | I85: 11.437
C86: B7 | E86: 0.221
B87: SPL19 | C87: C7 | E87: 0.1 | F87: 2 | G87: 0.091 | H87: 0.013 | I87: 14.048
C88: D7 | E88: 0.082
B89: SPL20 | C89: E7 | E89: 0.096 | F89: 2 | G89: 0.098 | H89: 0.003 | I89: 3.235
C90: F7 | E90: 0.101
B91: SPL21 | C91: G7 | E91: 0.164 | F91: 2 | G91: 0.157 | H91: 0.01 | I91: 6.184
C92: H7 | E92: 0.15
B93: SPL22 | C93: A8 | E93: 0.081 | F93: 2 | G93: 0.084 | H93: 0.004 | I93: 5.194
C94: B8 | E94: 0.087
B95: SPL23 | C95: C8 | E95: 0.234 | F95: 2 | G95: 0.236 | H95: 0.003 | I95: 1.377
C96: D8 | E96: 0.239
B97: SPL24 | C97: E8 | E97: 0.103 | F97: 2 | G97: 0.111 | H97: 0.012 | I97: 10.879
C98: F8 | E98: 0.12
B99: SPL25 | C99: G8 | E99: 0.043 | F99: 2 | G99: 0.044 | H99: 0.001 | I99: 3.356
C100: H8 | E100: 0.045
B101: SPL26 | C101: A9 | E101: 0.073 | F101: 2 | G101: 0.076 | H101: 0.004 | I101: 5.776
C102: B9 | E102: 0.079
B103: SPL27 | C103: C9 | E103: 0.055 | F103: 2 | G103: 0.057 | H103: 0.002 | I103: 4.346
C104: D9 | E104: 0.059
B105: SPL28 | C105: E9 | E105: 0.043 | F105: 2 | G105: 0.079 | H105: 0.051 | I105: 64.688
C106: F9 | E106: 0.116
B107: SPL29 | C107: G9 | E107: 0.119 | F107: 2 | G107: 0.129 | H107: 0.015 | I107: 11.393
...

Sheet TRIG_11_07_24_RawData
A2: Software Version | B2: 2.09.1
A4: Experiment File Path: | B4: E:\GT_Metabolomics\TRIG_11_07_24_Optimization.xpt
A5: Protocol File Path: | B5: C:\Users\Public\Documents\Protocols\Schwartz_TRIG.prt
A6: Plate Number | B6: Plate 1
A7: Date | B7: 45603
A8: Time | B8: 0.58288194
A9: Reader Type: | B9: Cytation3
A10: Reader Serial Number: | B10: Unknown
A11: Reading Type | B11: Reader
A13: Procedure Details
A14: Plate Type | B14: 96 WELL PLATE
A15: Eject plate on completion
A16: Read | B16: Absorbance Endpoint
B17: Random
B18: Wavelengths: 500
B19: Read Speed: Normal, Delay: 100 msec, Measurements/Data Point: 8
A21: Layout
C23: 1 | D23: 2 | E23: 3 | F23: 4 | G23: 5 | H23: 6 | I23: 7 | J23: 8 | K23: 9 | L23: 10 | M23: 11 | N23: 12
B24: A | C24: BLK | D24: STD4 | E24: SPL2 | O24: Well ID
D25: 100 | O25: Conc/Dil
B26: B | C26: BLK | D26: STD4 | E26: SPL2 | O26: Well ID
D27: 100 | O27: Conc/Dil
B28: C | C28: STD1 | D28: STD5 | E28: SPL3 | O28: Well ID
C29: 0 | D29: 150 | O29: Conc/Dil
B30: D | C30: STD1 | D30: STD5 | E30: SPL3 | O30: Well ID
C31: 0 | D31: 150 | O31: Conc/Dil
B32: E | C32: STD2 | D32: STD6 | E32: SPL4 | O32: Well ID
C33: 12.5 | D33: 200 | O33: Conc/Dil
B34: F | C34: STD2 | D34: STD6 | E34: SPL4 | O34: Well ID
C35: 12.5 | D35: 200 | O35: Conc/Dil
B36: G | C36: STD3 | D36: SPL1 | E36: SPL5 | O36: Well ID
C37: 50 | O37: Conc/Dil
B38: H | C38: STD3 | D38: SPL1 | E38: SPL5 | O38: Well ID
C39: 50 | O39: Conc/Dil
A41: 500
A42: Actual Temperature: | B42: 25.9
A43: Actual Temperature: | B43: 25.9
A44: Actual Temperature: | B44: 25.9
A45: Actual Temperature: | B45: 25.9
A46: Actual Temperature: | B46: 25.9
B48: Well ID | C48: Well | D48: Conc/Dil | E48: 500 | F48: Count | G48: Mean | H48: Std Dev | I48: CV (%)
B49: BLK | C49: A1 | E49: 0.046 | F49: 2 | G49: 0.045 | H49: 0.002 | I49: 3.78
C50: B1 | E50: 0.044
B51: SPL1 | C51: G2 | E51: 0.162 | F51: 2 | G51: 0.162 | H51: 0.001 | I51: 0.701
C52: H2 | E52: 0.161
B53: SPL2 | C53: A3 | E53: 0.092 | F53: 2 | G53: 0.092 | H53: 0 | I53: 0
C54: B3 | E54: 0.092
B55: SPL3 | C55: C3 | E55: 0.123 | F55: 2 | G55: 0.129 | H55: 0.009 | I55: 7.156
C56: D3 | E56: 0.136
B57: SPL4 | C57: E3 | E57: 0.099 | F57: 2 | G57: 0.096 | H57: 0.004 | I57: 4.339
C58: F3 | E58: 0.093
B59: SPL5 | C59: G3 | E59: 0.252 | F59: 2 | G59: 0.253 | H59: 0.002 | I59: 0.977
C60: H3 | E60: 0.255
B61: STD1 | C61: C1 | D61: 0 | E61: 0.048 | F61: 2 | G61: 0.045 | H61: 0.003 | I61: 7.149
C62: D1 | D62: 0 | E62: 0.043
B63: STD2 | C63: E1 | D63: 12.5 | E63: 0.056 | F63: 2 | G63: 0.06 | H63: 0.005 | I63: 9.052
C64: F1 | D64: 12.5 | E64: 0.064
B65: STD3 | C65: G1 | D65: 50 | E65: 0.102 | F65: 2 | G65: 0.105 | H65: 0.004 | I65: 4.06
C66: H1 | D66: 50 | E66: 0.108
B67: STD4 | C67: A2 | D67: 100 | E67: 0.135 | F67: 2 | G67: 0.137 | H67: 0.004 | I67: 2.624
C68: B2 | D68: 100 | E68: 0.14
B69: STD5 | C69: C2 | D69: 150 | E69: 0.214 | F69: 2 | G69: 0.214 | H69: 0 | I69: 0.165
C70: D2 | D70: 150 | E70: 0.214
B71: STD6 | C71: E2 | D71: 200 | E71: 0.258 | F71: 2 | G71: 0.275 | H71: 0.025 | I71: 8.962
C72: F2 | D72: 200 | E72: 0.293
A74: StdCurve
A109: StdCurve Fitting Results
B111: Curve Name | C111: Curve Formula | D111: A | E111: B | F111: R2 | G111: Fit F Prob
B112: StdCurve | C112: Y=A*X+B | D112: 0.00113 | E112: 0.0431 | F112: 0.989 | G112: ?????
A114: [Concentration]
A115: Actual Temperature: | B115: 25.9
B117: Well ID | C117: Well | D117: Conc/Dil | E117: 500 | F117: [Concentration] | G117: Count | H117: Mean | I117: Std Dev | J117: CV (%)
B118: BLK | C118: A1 | E118: 0.046 | F118: 2.635 | G118: 2 | H118: 1.571 | I118: 1.505 | J118: 95.82
C119: B1 | E119: 0.044 | F119: 0.506
B120: SPL1 | C120: G2 | E120: 0.162 | F120: 105.68 | G120: 2 | H120: 104.97 | I120: 1.003 | J120: 0.956
C121: H2 | E121: 0.161 | F121: 104.261
B122: SPL2 | C122: A3 | E122: 0.092 | F122: 43.072 | G122: 2 | H122: 43.072 | I122: 0 | J122: 0
C123: B3 | E123: 0.092 | F123: 43.072
B124: SPL3 | C124: C3 | E124: 0.123 | F124: 70.74 | G124: 2 | H124: 76.549 | I124: 8.214 | J124: 10.731
C125: D3 | E125: 0.136 | F125: 82.357
B126: SPL4 | C126: E3 | E126: 0.099 | F126: 49.635 | G126: 2 | H126: 47.019 | I126: 3.7 | J126: 7.868
C127: F3 | E127: 0.093 | F127: 44.403
B128: SPL5 | C128: G3 | E128: 0.252 | F128: 184.87 | G128: 2 | H128: 186.422 | I128: 2.195 | J128: 1.177
C129: H3 | E129: 0.255 | F129: 187.974
B130: STD1 | C130: C1 | D130: 0 | E130: 0.048 | F130: 4.142 | G130: 2 | H130: 2.103 | I130: 2.884 | J130: 137.182
C131: D1 | D131: 0 | E131: 0.043 | F131: 0.063
B132: STD2 | C132: E1 | D132: 12.5 | E132: 0.056 | F132: 11.68 | G132: 2 | H132: 15.094 | I132: 4.828 | J132: 31.988
C133: F1 | D133: 12.5 | E133: 0.064 | F133: 18.508
B134: STD3 | C134: G1 | D134: 50 | E134: 0.102 | F134: 51.763 | G134: 2 | H134: 54.423 | I134: 3.762 | J134: 6.913
C135: H1 | D135: 50 | E135: 0.108 | F135: 57.084
B136: STD4 | C136: A2 | D136: 100 | E136: 0.135 | F136: 81.382 | G136: 2 | H136: 83.643 | I136: 3.198 | J136: 3.823
C137: B2 | D137: 100 | E137: 0.14 | F137: 85.904
B138: STD5 | C138: C2 | D138: 150 | E138: 0.214 | F138: 151.084 | G138: 2 | H138: 151.305 | I138: 0.314 | J138: 0.207
C139: D2 | D139: 150 | E139: 0.214 | F139: 151.527
B140: STD6 | C140: E2 | D140: 200 | E140: 0.258 | F140: 190.457 | G140: 1 | H140: 190.457 | I140: ????? | J140: ?????
C141: F2 | D141: 200 | E141: 0.293 | F141: >210.000

Sheet TRIG_11_07_24_Analysis 
A1: Standard | B1: Absorbance | C1: Mean | D1: CV | F1: CorrAbs | H1: Concentation | K1: Data for Plot
A2: Blank | B2: =TRIG_11_07_24_RawData!E118 -> 0.046 | C2: =AVERAGE(B2,B3) -> 0.045 | D2: =100*(STDEV(B2,B3)/C2) -> 3.1426968 | F2: =C2-$C$2 -> 0 | H2: 0 | K2: 0 | L2: =F4 -> 0.0005
A3: Blank | B3: =TRIG_11_07_24_RawData!E119 -> 0.044 | K3: 12.5 | L3: =F6 -> 0.015
A4: S0 | B4: =TRIG_11_07_24_RawData!E130 -> 0.048 | C4: =AVERAGE(B4,B5) -> 0.0455 | D4: =100*(STDEV(B4,B5)/C4) -> 7.7704042 | F4: =C4-$C$2 -> 0.0005 | H4: 0 | K4: 50 | L4: =F8 -> 0.06
A5: S0 | B5: =TRIG_11_07_24_RawData!E131 -> 0.043 | K5: 100 | L5: =F10 -> 0.0925
A6: S1 | B6: =TRIG_11_07_24_RawData!E132 -> 0.056 | C6: =AVERAGE(B6,B7) -> 0.06 | D6: =100*(STDEV(B6,B7)/C6) -> 9.4280904 | F6: =C6-$C$2 -> 0.015 | H6: 12.5 | K6: 150 | L6: =F12 -> 0.169
A7: S1 | B7: =TRIG_11_07_24_RawData!E133 -> 0.064 | K7: 200 | L7: =F14 -> 0.2305
A8: S3 | B8: =TRIG_11_07_24_RawData!E134 -> 0.102 | C8: =AVERAGE(B8,B9) -> 0.105 | D8: =100*(STDEV(B8,B9)/C8) -> 4.0406102 | F8: =C8-$C$2 -> 0.06 | H8: 50
A9: S3 | B9: =TRIG_11_07_24_RawData!E135 -> 0.108 | K9: Slope | L9: 0.0011
A10: S5 | B10: =TRIG_11_07_24_RawData!E136 -> 0.135 | C10: =AVERAGE(B10,B11) -> 0.1375 | D10: =100*(STDEV(B10,B11)/C10) -> 2.5712974 | F10: =C10-$C$2 -> 0.0925 | H10: 100 | K10: Intercept | L10: 0.0018
A11: S5 | B11: =TRIG_11_07_24_RawData!E137 -> 0.14
A12: S7 | B12: =TRIG_11_07_24_RawData!E138 -> 0.214 | C12: =AVERAGE(B12,B13) -> 0.214 | D12: =100*(STDEV(B12,B13)/C12) -> 0 | F12: =C12-$C$2 -> 0.169 | H12: 150
A13: S7 | B13: =TRIG_11_07_24_RawData!E139 -> 0.214
A14: S9 | B14: =TRIG_11_07_24_RawData!E140 -> 0.258 | C14: =AVERAGE(B14,B15) -> 0.2755 | D14: =100*(STDEV(B14,B15)/C14) -> 8.9832077 | F14: =C14-$C$2 -> 0.2305 | H14: 200
A15: S9 | B15: =TRIG_11_07_24_RawData!E141 -> 0.293
A20: Sample Name | B20: Absorbance | C20: Mean | D20: CV | E20: CorrAbs | F20: Final Concentration | H20: Color Scheme: | J20: Overwinter | K20: Greenhouse
A21: GH_Pool | B21: =TRIG_11_07_24_RawData!E120 -> 0.162 | C21: =AVERAGE(B21,B22) -> 0.1615 | D21: =100*(STDEV(B21,B22)/C21) -> 0.43783702 | E21: =C21-$C$2 -> 0.1165 | F21: =(E21-$L$10)/$L$9 -> 104.27273
B22: =TRIG_11_07_24_RawData!E121 -> 0.161
A23: 2.4 (A) | B23: =TRIG_11_07_24_RawData!E122 -> 0.092 | C23: =AVERAGE(B23,B24) -> 0.092 | D23: =100*(STDEV(B23,B24)/C23) -> 0 | E23: =C23-$C$2 -> 0.047 | F23: =(E23-$L$10)/$L$9 -> 41.090909
B24: =TRIG_11_07_24_RawData!E123 -> 0.092
A25: 2.2(A) | B25: =TRIG_11_07_24_RawData!E124 -> 0.123 | C25: =AVERAGE(B25,B26) -> 0.1295 | D25: =100*(STDEV(B25,B26)/C25) -> 7.0983692 | E25: =C25-$C$2 -> 0.0845 | F25: =(E25-$L$10)/$L$9 -> 75.181818 | G25: Not enough for duplicate (7uL added to second well opposed to 10uL)
B26: =TRIG_11_07_24_RawData!E125 -> 0.136
A27: OW_Pool | B27: =TRIG_11_07_24_RawData!E126 -> 0.099 | C27: =AVERAGE(B27,B28) -> 0.096 | D27: =100*(STDEV(B27,B28)/C27) -> 4.4194174 | E27: =C27-$C$2 -> 0.051 | F27: =(E27-$L$10)/$L$9 -> 44.727273 | J27: Timepoint | K27: Label
B28: =TRIG_11_07_24_RawData!E127 -> 0.093 | J28: Baseline | K28: A
A29: 5.2 (D) | B29: =TRIG_11_07_24_RawData!E128 -> 0.252 | C29: =AVERAGE(B29,B30) -> 0.2535 | D29: =100*(STDEV(B29,B30)/C29) -> 0.83681276 | E29: =C29-$C$2 -> 0.2085 | F29: =(E29-$L$10)/$L$9 -> 187.90909 | J29: Cold Dormancy | K29: B
B30: =TRIG_11_07_24_RawData!E129 -> 0.255 | J30: 3 weeks | K30: C
J31: 3 months | K31: D

Sheet TRIG_10_24_24_RawData
A2: Software Version | B2: 2.09.1
A4: Experiment File Path:
A5: Protocol File Path:
A6: Plate Number | B6: Plate 1
A7: Date | B7: 45589
A8: Time | B8: 0.72211806
A9: Reader Type: | B9: Cytation3
A10: Reader Serial Number: | B10: 13081218
A11: Reading Type | B11: Reader
A13: Procedure Details
A14: Plate Type | B14: 96 WELL PLATE
A15: Eject plate on completion
A16: Read | B16: Absorbance Endpoint
B17: Full Plate
B18: Wavelengths: 500
B19: Read Speed: Normal, Delay: 100 msec, Measurements/Data Point: 8
A21: Layout
C23: 1 | D23: 2 | E23: 3 | F23: 4 | G23: 5 | H23: 6 | I23: 7 | J23: 8 | K23: 9 | L23: 10 | M23: 11 | N23: 12
B24: A | D24: STD4 | E24: SPL2 | F24: SPL6 | G24: SPL10 | H24: SPL14 | O24: Well ID
D25: 100 | O25: Conc/Dil
B26: B | D26: STD4 | E26: SPL2 | F26: SPL6 | G26: SPL10 | H26: SPL14 | O26: Well ID
D27: 100 | O27: Conc/Dil
B28: C | C28: STD1 | D28: STD5 | E28: SPL3 | F28: SPL7 | G28: SPL11 | H28: SPL15 | O28: Well ID
C29: 0 | D29: 150 | O29: Conc/Dil
B30: D | C30: STD1 | D30: STD5 | E30: SPL3 | F30: SPL7 | G30: SPL11 | H30: SPL15 | O30: Well ID
C31: 0 | D31: 150 | O31: Conc/Dil
B32: E | C32: STD2 | D32: STD6 | E32: SPL4 | F32: SPL8 | G32: SPL12 | H32: SPL16 | O32: Well ID
C33: 12.5 | D33: 200 | O33: Conc/Dil
B34: F | C34: STD2 | D34: STD6 | E34: SPL4 | F34: SPL8 | G34: SPL12 | H34: SPL16 | O34: Well ID
C35: 12.5 | D35: 200 | O35: Conc/Dil
B36: G | C36: STD3 | D36: SPL1 | E36: SPL5 | F36: SPL9 | G36: SPL13 | H36: SPL17 | O36: Well ID
C37: 50 | O37: Conc/Dil
B38: H | C38: STD3 | D38: SPL1 | E38: SPL5 | F38: SPL9 | G38: SPL13 | H38: SPL17 | O38: Well ID
C39: 50 | O39: Conc/Dil
A41: 500
A42: Actual Temperature: | B42: 26.1
A43: Actual Temperature: | B43: 26.1
A44: Actual Temperature: | B44: 26.1
A45: Actual Temperature: | B45: 26.1
A46: Actual Temperature: | B46: 26.1
B48: Well ID | C48: Well | D48: Conc/Dil | E48: 500 | F48: Count | G48: Mean | H48: Std Dev | I48: CV (%)
B49: SPL1 | C49: G2 | E49: 0.397 | F49: 2 | G49: 0.41 | H49: 0.018 | I49: 4.329
C50: H2 | E50: 0.422
B51: SPL2 | C51: A3 | E51: 0.216 | F51: 2 | G51: 0.227 | H51: 0.016 | I51: 6.898
C52: B3 | E52: 0.238
B53: SPL3 | C53: C3 | E53: 0.132 | F53: 2 | G53: 0.118 | H53: 0.019 | I53: 15.966
C54: D3 | E54: 0.105
B55: SPL4 | C55: E3 | E55: 0.213 | F55: 2 | G55: 0.214 | H55: 0 | I55: 0.132
C56: F3 | E56: 0.214
B57: SPL5 | C57: G3 | E57: 0.122 | F57: 2 | G57: 0.122 | H57: 0 | I57: 0.058
C58: H3 | E58: 0.122
B59: SPL6 | C59: A4 | E59: 0.079 | F59: 2 | G59: 0.062 | H59: 0.023 | I59: 36.715
C60: B4 | E60: 0.046
B61: SPL7 | C61: C4 | E61: 0.524 | F61: 2 | G61: 0.504 | H61: 0.028 | I61: 5.613
C62: D4 | E62: 0.484
B63: SPL8 | C63: E4 | E63: 0.694 | F63: 2 | G63: 0.716 | H63: 0.032 | I63: 4.432
C64: F4 | E64: 0.739
B65: SPL9 | C65: G4 | E65: 0.046 | F65: 2 | G65: 0.046 | H65: 0.001 | I65: 1.219
C66: H4 | E66: 0.047
B67: SPL10 | C67: A5 | E67: 0.283 | F67: 2 | G67: 0.301 | H67: 0.025 | I67: 8.391
C68: B5 | E68: 0.319
B69: SPL11 | C69: C5 | E69: 0.098 | F69: 2 | G69: 0.102 | H69: 0.006 | I69: 5.89
C70: D5 | E70: 0.106
B71: SPL12 | C71: E5 | E71: 0.233 | F71: 2 | G71: 0.226 | H71: 0.01 | I71: 4.509
C72: F5 | E72: 0.219
B73: SPL13 | C73: G5 | E73: 0.468 | F73: 2 | G73: 0.497 | H73: 0.041 | I73: 8.277
C74: H5 | E74: 0.526
B75: SPL14 | C75: A6 | E75: 0.31 | F75: 2 | G75: 0.312 | H75: 0.003 | I75: 0.883
C76: B6 | E76: 0.314
B77: SPL15 | C77: C6 | E77: 0.193 | F77: 2 | G77: 0.194 | H77: 0.001 | I77: 0.474
C78: D6 | E78: 0.195
B79: SPL16 | C79: E6 | E79: 0.207 | F79: 2 | G79: 0.206 | H79: 0.003 | I79: 1.273
C80: F6 | E80: 0.204
B81: SPL17 | C81: G6 | E81: 0.17 | F81: 2 | G81: 0.177 | H81: 0.009 | I81: 5.324
C82: H6 | E82: 0.183
B83: STD1 | C83: C1 | D83: 0 | E83: 0.047 | F83: 2 | G83: 0.047 | H83: 0 | I83: 0.304
C84: D1 | D84: 0 | E84: 0.046
B85: STD2 | C85: E1 | D85: 12.5 | E85: 0.085 | F85: 2 | G85: 0.089 | H85: 0.006 | I85: 6.259
C86: F1 | D86: 12.5 | E86: 0.093
B87: STD3 | C87: G1 | D87: 50 | E87: 0.192 | F87: 2 | G87: 0.193 | H87: 0.001 | I87: 0.513
C88: H1 | D88: 50 | E88: 0.194
B89: STD4 | C89: A2 | D89: 100 | E89: 0.33 | F89: 2 | G89: 0.335 | H89: 0.006 | I89: 1.817
C90: B2 | D90: 100 | E90: 0.339
B91: STD5 | C91: C2 | D91: 150 | E91: 0.469 | F91: 2 | G91: 0.474 | H91: 0.006 | I91: 1.328
C92: D2 | D92: 150 | E92: 0.478
B93: STD6 | C93: E2 | D93: 200 | E93: 0.597 | F93: 2 | G93: 0.614 | H93: 0.024 | I93: 3.95
C94: F2 | D94: 200 | E94: 0.631
A96: StdCurve
A131: StdCurve Fitting Results
B133: Curve Name | C133: Curve Formula | D133: A | E133: B | F133: R2 | G133: Fit F Prob
B134: StdCurve | C134: Y=A*X+B | D134: 0.00282 | E134: 0.0509 | F134: 1 | G134: ?????
A136: [Concentration]
A137: Actual Temperature: | B137: 26.1
B139: Well ID | C139: Well | D139: Conc/Dil | E139: 500 | F139: [Concentration] | G139: Count | H139: Mean | I139: Std Dev | J139: CV (%)
B140: SPL1 | C140: G2 | E140: 0.397 | F140: 122.835 | G140: 2 | H140: 127.284 | I140: 6.291 | J140: 4.943
C141: H2 | E141: 0.422 | F141: 131.733
B142: SPL2 | C142: A3 | E142: 0.216 | F142: 58.355 | G142: 2 | H142: 62.272 | I142: 5.54 | J142: 8.896
C143: B3 | E143: 0.238 | F143: 66.189
B144: SPL3 | C144: C3 | E144: 0.132 | F144: 28.614 | G144: 2 | H144: 23.882 | I144: 6.693 | J144: 28.024
C145: D3 | E145: 0.105 | F145: 19.149
...

Sheet TRIG_10_24_24_Analysis
A1: Standard | B1: Absorbance | C1: Mean | D1: CV | F1: CorrAbs | H1: Concentation | K1: Data for Plot
A2: S0 | B2: =TRIG_10_24_24_RawData!E83 -> 0.047 | C2: =AVERAGE(B2,B3) -> 0.0465 | D2: =100*(STDEV(B2,B3)/C2) -> 1.5206597 | F2: =C2-$C$2 -> 0 | H2: 0 | K2: 0 | L2: =F2 -> 0
A3: S0 | B3: =TRIG_10_24_24_RawData!E84 -> 0.046 | K3: 12.5 | L3: =F4 -> 0.0425
A4: S1 | B4: =TRIG_10_24_24_RawData!E85 -> 0.085 | C4: =AVERAGE(B4,B5) -> 0.089 | D4: =100*(STDEV(B4,B5)/C4) -> 6.356016 | F4: =C4-$C$2 -> 0.0425 | H4: 12.5 | K4: 50 | L4: =F6 -> 0.1465
A5: S1 | B5: =TRIG_10_24_24_RawData!E86 -> 0.093 | K5: 100 | L5: =F8 -> 0.288
A6: S3 | B6: =TRIG_10_24_24_RawData!E87 -> 0.192 | C6: =AVERAGE(B6,B7) -> 0.193 | D6: =100*(STDEV(B6,B7)/C6) -> 0.73275314 | F6: =C6-$C$2 -> 0.1465 | H6: 50 | K6: 150 | L6: =F10 -> 0.427
A7: S3 | B7: =TRIG_10_24_24_RawData!E88 -> 0.194 | K7: 200 | L7: =F12 -> 0.5675
A8: S5 | B8: =TRIG_10_24_24_RawData!E89 -> 0.33 | C8: =AVERAGE(B8,B9) -> 0.3345 | D8: =100*(STDEV(B8,B9)/C8) -> 1.9025295 | F8: =C8-$C$2 -> 0.288 | H8: 100
A9: S5 | B9: =TRIG_10_24_24_RawData!E90 -> 0.339 | K9: Slope | L9: 0.0028
A10: S7 | B10: =TRIG_10_24_24_RawData!E91 -> 0.469 | C10: =AVERAGE(B10,B11) -> 0.4735 | D10: =100*(STDEV(B10,B11)/C10) -> 1.3440256 | F10: =C10-$C$2 -> 0.427 | H10: 150 | K10: Intercept | L10: 0.0043
A11: S7 | B11: =TRIG_10_24_24_RawData!E92 -> 0.478
A12: S9 | B12: =TRIG_10_24_24_RawData!E93 -> 0.597 | C12: =AVERAGE(B12,B13) -> 0.614 | D12: =100*(STDEV(B12,B13)/C12) -> 3.915575 | F12: =C12-$C$2 -> 0.5675 | H12: 200
A13: S9 | B13: =TRIG_10_24_24_RawData!E94 -> 0.631
A15: Sample Name | B15: Absorbance | C15: Mean | D15: CV | E15: CorrAbs | F15: Concentration | H15: Color Scheme: | J15: Overwinter | K15: Greenhouse
A16: GH_Pool | B16: =TRIG_10_24_24_RawData!E140 -> 0.397 | C16: =AVERAGE(B16,B17) -> 0.4095 | D16: =100*(STDEV(B16,B17)/C16) -> 4.3168912 | E16: =C16-$C$2 -> 0.363 | F16: =(E16-$L$10)/$L$9 -> 128.10714 | H16: Samples with abnornal absorbance and concentrations highlighted in yellow
B17: =TRIG_10_24_24_RawData!E141 -> 0.422 | H17: Samples off curve indicated by orange highlight
A18: GH_Pool_1:2 | B18: =TRIG_10_24_24_RawData!E142 -> 0.216 | C18: =AVERAGE(B18,B19) -> 0.227 | D18: =100*(STDEV(B18,B19)/C18) -> 6.8530173 | E18: =C18-$C$2 -> 0.1805 | F18: =(E18-$L$10)/$L$9 -> 62.928571 | G18: =F18*2 -> 125.85714
B19: =TRIG_10_24_24_RawData!E143 -> 0.238
A20: GH_Pool_1:4 | B20: =TRIG_10_24_24_RawData!E144 -> 0.132 | C20: =AVERAGE(B20,B21) -> 0.1185 | D20: =100*(STDEV(B20,B21)/C20) -> 16.111294 | E20: =C20-$C$2 -> 0.072 | F20: =(E20-$L$10)/$L$9 -> 24.178571 | G20: Not enough for duplicate (7uL added to second well opposed to 10uL)
B21: =TRIG_10_24_24_RawData!E145 -> 0.105
A22: OW_Pool | B22: =TRIG_10_24_24_RawData!E146 -> 0.213 | C22: =AVERAGE(B22,B23) -> 0.2135 | D22: =100*(STDEV(B22,B23)/C22) -> 0.33119756 | E22: =C22-$C$2 -> 0.167 | F22: =(E22-$L$10)/$L$9 -> 58.107143 | J22: Timepoint | K22: Label
B23: =TRIG_10_24_24_RawData!E147 -> 0.214 | J23: Baseline | K23: A
A24: OW_Pool_1:2 | B24: =TRIG_10_24_24_RawData!E148 -> 0.122 | C24: =AVERAGE(B24,B25) -> 0.122 | D24: =100*(STDEV(B24,B25)/C24) -> 0 | E24: =C24-$C$2 -> 0.0755 | F24: =(E24-$L$10)/$L$9 -> 25.428571 | G24: =F24*2 -> 50.857143 | J24: Cold Dormancy | K24: B
B25: =TRIG_10_24_24_RawData!E149 -> 0.122 | J25: 3 weeks | K25: C
A26: OW_Pool_1:4 | B26: =TRIG_10_24_24_RawData!E150 -> 0.079 | C26: =AVERAGE(B26,B27) -> 0.0625 | D26: =100*(STDEV(B26,B27)/C26) -> 37.335238 | E26: =C26-$C$2 -> 0.016 | F26: =(E26-$L$10)/$L$9 -> 4.1785714 | G26: Not enough for duplicate | J26: 3 months | K26: D
B27: =TRIG_10_24_24_RawData!E151 -> 0.046
A28: 3.3 (C) | B28: =TRIG_10_24_24_RawData!E152 -> 0.524 | C28: =AVERAGE(B28,B29) -> 0.504 | D28: =100*(STDEV(B28,B29)/C28) -> 5.6119586 | E28: =C28-$C$2 -> 0.4575 | F28: =(E28-$L$10)/$L$9 -> 161.85714
B29: =TRIG_10_24_24_RawData!E153 -> 0.484
A30: 5.2 (D) | B30: =TRIG_10_24_24_RawData!E154 -> 0.694 | C30: =AVERAGE(B30,B31) -> 0.7165 | D30: =100*(STDEV(B30,B31)/C30) -> 4.4410056 | E30: =C30-$C$2 -> 0.67 | F30: =(E30-$L$10)/$L$9 -> 237.75 | G30: Falls off the curve
B31: =TRIG_10_24_24_RawData!E155 -> 0.739 | G31: These four wells make me suspicious that in a hurry I accidentally added plasma from two samples in one well
A32: 3.3 (D) | B32: =TRIG_10_24_24_RawData!E156 -> 0.046 | C32: =AVERAGE(B32,B33) -> 0.0465 | D32: =100*(STDEV(B32,B33)/C32) -> 1.5206597 | E32: =C32-$C$2 -> 0 | F32: =(E32-$L$10)/$L$9 -> -1.5357143 | G32: Values similar to blank, unsure what happened here, likely no plasma was added to well
B33: =TRIG_10_24_24_RawData!E157 -> 0.047
A34: 5.2 (C) | B34: =TRIG_10_24_24_RawData!E158 -> 0.283 | C34: =AVERAGE(B34,B35) -> 0.301 | D34: =100*(STDEV(B34,B35)/C34) -> 8.4570911 | E34: =C34-$C$2 -> 0.2545 | F34: =(E34-$L$10)/$L$9 -> 89.357143
B35: =TRIG_10_24_24_RawData!E159 -> 0.319
A36: 6.4 (D) | B36: =TRIG_10_24_24_RawData!E160 -> 0.098 | C36: =AVERAGE(B36,B37) -> 0.102 | D36: =100*(STDEV(B36,B37)/C36) -> 5.5459355 | E36: =C36-$C$2 -> 0.0555 | F36: =(E36-$L$10)/$L$9 -> 18.285714
B37: =TRIG_10_24_24_RawData!E161 -> 0.106
A38: 15.5 (D) | B38: =TRIG_10_24_24_RawData!E162 -> 0.233 | C38: =AVERAGE(B38,B39) -> 0.226 | D38: =100*(STDEV(B38,B39)/C38) -> 4.3803075 | E38: =C38-$C$2 -> 0.1795 | F38: =(E38-$L$10)/$L$9 -> 62.571429
B39: =TRIG_10_24_24_RawData!E163 -> 0.219
A40: 5.3 (D) | B40: =TRIG_10_24_24_RawData!E164 -> 0.468 | C40: =AVERAGE(B40,B41) -> 0.497 | D40: =100*(STDEV(B40,B41)/C40) -> 8.2519504 | E40: =C40-$C$2 -> 0.4505 | F40: =(E40-$L$10)/$L$9 -> 159.35714
B41: =TRIG_10_24_24_RawData!E165 -> 0.526
A42: 2.2 (A) | B42: =TRIG_10_24_24_RawData!E166 -> 0.31 | C42: =AVERAGE(B42,B43) -> 0.312 | D42: =100*(STDEV(B42,B43)/C42) -> 0.90654716 | E42: =C42-$C$2 -> 0.2655 | F42: =(E42-$L$10)/$L$9 -> 93.285714
B43: =TRIG_10_24_24_RawData!E167 -> 0.314
A44: 9.3 (A) | B44: =TRIG_10_24_24_RawData!E168 -> 0.193 | C44: =AVERAGE(B44,B45) -> 0.194 | D44: =100*(STDEV(B44,B45)/C44) -> 0.72897606 | E44: =C44-$C$2 -> 0.1475 | F44: =(E44-$L$10)/$L$9 -> 51.142857
B45: =TRIG_10_24_24_RawData!E169 -> 0.195
A46: 2.4 (A) | B46: =TRIG_10_24_24_RawData!E170 -> 0.207 | C46: =AVERAGE(B46,B47) -> 0.2055 | D46: =100*(STDEV(B46,B47)/C46) -> 1.0322727 | E46: =C46-$C$2 -> 0.159 | F46: =(E46-$L$10)/$L$9 -> 55.25
B47: =TRIG_10_24_24_RawData!E171 -> 0.204
A48: 6.5 (A) | B48: =TRIG_10_24_24_RawData!E172 -> 0.17 | C48: =AVERAGE(B48,B49) -> 0.1765 | D48: =100*(STDEV(B48,B49)/C48) -> 5.2081519 | E48: =C48-$C$2 -> 0.13 | F48: =(E48-$L$10)/$L$9 -> 44.892857
B49: =TRIG_10_24_24_RawData!E173 -> 0.183
A52: Conclusion: No dilution factor required.
A53: Plate was read approx 30 minutes after final incubation - kit says absorbances can be read till the 1 hour mark (No observable effect of time of reading on absorbance however for the future time of reading needs to be standardized

Sheet TRIG_10_10_24_Analysis
A1: Standard | B1: Absorbance | C1: Mean | D1: CV | F1: CorrAbs | H1: Concentation
A2: Blank | B2: =TRIG_10_10_24_RawData!E86 -> 0.072 | C2: =AVERAGE(B2,B3) -> 0.0635 | D2: =100*(STDEV(B2,B3)/C2) -> 18.930418 | F2: =C2-$C$2 -> 0 | H2: 0
A3: Blank | B3: =TRIG_10_10_24_RawData!E87 -> 0.055 | K3: Data for Plot | N3: Greenhouse | Q3: Overwinter
A4: STD_0 | B4: =TRIG_10_10_24_RawData!E108 -> 0.055 | C4: =AVERAGE(B4,B5) -> 0.0535 | D4: =100*(STDEV(B4,B5)/C4) -> 3.9650848 | F4: =C4-$C$4 -> 0 | H4: 0 | K4: 0 | L4: 0 | N4: 115 | O4: 115 | Q4: 49 | R4: 0.1455
A5: STD_0 | B5: =TRIG_10_10_24_RawData!E109 -> 0.052 | K5: 50 | L5: 0.161 | N5: 94 | O5: 0.131 | Q5: 15 | R5: 0.045
A6: STD_1 | B6: =TRIG_10_10_24_RawData!E110 -> 0.216 | C6: =AVERAGE(B6,B7) -> 0.2145 | D6: =100*(STDEV(B6,B7)/C6) -> 0.98896053 | F6: =C6-$C$4 -> 0.161 | H6: 50 | K6: 100 | L6: 0.3 | N6: 19 | O6: 0.058 | Q6: 4 | R6: 0.0135
A7: STD_1 | B7: =TRIG_10_10_24_RawData!E111 -> 0.213 | K7: 150 | L7: 0.4855 | N7: 6 | O7: 0.0195
A8: STD_2 | B8: =TRIG_10_10_24_RawData!E112 -> 0.353 | C8: =AVERAGE(B8,B9) -> 0.3535 | D8: =100*(STDEV(B8,B9)/C8) -> 0.20003021 | F8: =C8-$C$4 -> 0.3 | H8: 100 | K8: 200 | L8: 0.562
A9: STD_2 | B9: =TRIG_10_10_24_RawData!E113 -> 0.354 | K9: Slope | L9: 0.003 | O9: 3.3 | P9: 0.4665 | Q9: 160.17241
A10: STD_3 | B10: =TRIG_10_10_24_RawData!E114 -> 0.526 | C10: =AVERAGE(B10,B11) -> 0.539 | D10: =100*(STDEV(B10,B11)/C10) -> 3.4109047 | F10: =C10-$C$4 -> 0.4855 | H10: 150 | K10: Intercept | L10: 0 | O10: 5.2 | P10: 0.2105 | Q10: 71.896552
A11: STD_3 | B11: =TRIG_10_10_24_RawData!E115 -> 0.552
A12: STD_4 | B12: =TRIG_10_10_24_RawData!E116 -> 0.615 | C12: =AVERAGE(B12,B13) -> 0.6155 | D12: =100*(STDEV(B12,B13)/C12) -> 0.11488331 | F12: =C12-$C$4 -> 0.562 | H12: 200
A13: STD_4 | B13: =TRIG_10_10_24_RawData!E117 -> 0.616
A16: Sample Name | B16: Absorbance | C16: Mean | D16: CV | E16: CorrAbs | F16: Final Concentration | G16: Corrected Concentration
A17: GH_Pool | B17: =TRIG_10_10_24_RawData!E88 -> 0.392 | C17: =AVERAGE(B17,B18) -> 0.399 | D17: =100*(STDEV(B17,B18)/C17) -> 2.4810764 | E17: =C17-$C$4 -> 0.3455 | F17: =(E17-$L$10)/$L$9 -> 115.16667 | G17: =F17 -> 115.16667
B18: =TRIG_10_10_24_RawData!E89 -> 0.406
A19: GH_Pool_1:2 | B19: =TRIG_10_10_24_RawData!E90 -> 0.198 | C19: =AVERAGE(B19,B20) -> 0.1945 | D19: =100*(STDEV(B19,B20)/C19) -> 2.5448573 | E19: =C19-$C$4 -> 0.141 | F19: =(E19-$L$10)/$L$9 -> 47 | G19: =F19*2 -> 94
B20: =TRIG_10_10_24_RawData!E91 -> 0.191
A21: GH_Pool_1:4 | B21: =TRIG_10_10_24_RawData!E92 -> 0.114 | C21: =AVERAGE(B21,B22) -> 0.1215 | D21: =100*(STDEV(B21,B22)/C21) -> 8.7297133 | E21: =C21-$C$4 -> 0.068 | F21: =(E21-$L$10)/$L$9 -> 22.666667 | G21: =F21*4 -> 90.666667
B22: =TRIG_10_10_24_RawData!E93 -> 0.129 | H22: Color Scheme: | J22: Overwinter | K22: Greenhouse
A23: GH_Pool_1:8 | B23: =TRIG_10_10_24_RawData!E94 -> 0.083 | C23: 0.083 | D23: =100*(STDEV(B23,B24)/C23) -> 20.446461 | E23: =C23-$C$4 -> 0.0295 | F23: =(E23-$L$10)/$L$9 -> 9.8333333 | G23: =F23*8 -> 78.666667
B24: =TRIG_10_10_24_RawData!E95 -> 0.059
A25: OW_Pool | B25: =TRIG_10_10_24_RawData!E96 -> 0.21 | C25: =AVERAGE(B25,B26) -> 0.209 | D25: =100*(STDEV(B25,B26)/C25) -> 0.67665721 | E25: =C25-$C$4 -> 0.1555 | F25: =(E25-$L$10)/$L$9 -> 51.833333 | G25: =F25 -> 51.833333 | N25: 3
B26: =TRIG_10_10_24_RawData!E97 -> 0.208 | N26: 1
A27: OW_Pool_1:2 | B27: =TRIG_10_10_24_RawData!E98 -> 0.11 | C27: =AVERAGE(B27,B28) -> 0.1085 | D27: =100*(STDEV(B27,B28)/C27) -> 1.955134 | E27: =C27-$C$4 -> 0.055 | F27: =(E27-$L$10)/$L$9 -> 18.333333 | G27: =F27*2 -> 36.666667
B28: =TRIG_10_10_24_RawData!E99 -> 0.107
A29: OW_Pool_1:4 | B29: =TRIG_10_10_24_RawData!E100 -> 0.075 | C29: =AVERAGE(B29,B30) -> 0.077 | D29: =100*(STDEV(B29,B30)/C29) -> 3.673282 | E29: =C29-$C$4 -> 0.0235 | F29: =(E29-$L$10)/$L$9 -> 7.8333333 | G29: =F29*4 -> 31.333333
B30: =TRIG_10_10_24_RawData!E101 -> 0.079
A31: OW_Pool_1:8 | B31: =TRIG_10_10_24_RawData!E102 -> 0.059 | C31: 0.059 | D31: =100*(STDEV(B31,B32)/C31) -> 15.580319 | E31: =C31-$C$4 -> 0.0055 | F31: =(E31-$L$10)/$L$9 -> 1.8333333 | G31: =F31*8 -> 14.666667 | I31: Yellow highlight means did not have enough plasma for duplicate
B32: =TRIG_10_10_24_RawData!E103 -> 0.046
A33: 3.3 | B33: =TRIG_10_10_24_RawData!E104 -> 0.534 | C33: =AVERAGE(B33,B34) -> 0.53 | D33: =100*(STDEV(B33,B34)/C33) -> 1.067331 | E33: =C33-$C$4 -> 0.4765 | F33: =(E33-$L$10)/$L$9 -> 158.83333 | G33: =F33 -> 158.83333
B34: =TRIG_10_10_24_RawData!E105 -> 0.526
A35: 5.2 | B35: =TRIG_10_10_24_RawData!E106 -> 0.267 | C35: =AVERAGE(B35,B36) -> 0.274 | D35: =100*(STDEV(B35,B36)/C35) -> 3.6129544 | E35: =C35-$C$4 -> 0.2205 | F35: =(E35-$L$10)/$L$9 -> 73.5 | G35: =F35 -> 73.5
B36: =TRIG_10_10_24_RawData!E107 -> 0.281
A39: NOTES: | B39: Blank wells not required. S0 serves the same purpose.
B40: No dilution factor required perhaps. Check after doing individuals from 3-month timepoint. Worried GH tortoise will fall off curve.

Sheet TRIG_10_10_24_RawData
A2: Software Version | B2: 2.09.1
A4: Experiment File Path: | B4: E:\GT_Metabolomics\TRIG_10_14_24_Optimization.xpt
A5: Protocol File Path:
A6: Plate Number | B6: Plate 1
A7: Date | B7: 45579
A8: Time | B8: 0.71606481
A9: Reader Type: | B9: Cytation3
A10: Reader Serial Number: | B10: 13081218
A11: Reading Type | B11: Reader
A13: Procedure Details
A14: Plate Type | B14: 96 WELL PLATE
A15: Eject plate on completion
A16: Read | B16: Absorbance Endpoint
B17: Full Plate
B18: Wavelengths: 500
B19: Read Speed: Normal, Delay: 100 msec, Measurements/Data Point: 8
A21: Layout
C23: 1 | D23: 2 | E23: 3 | F23: 4 | G23: 5 | H23: 6 | I23: 7 | J23: 8 | K23: 9 | L23: 10 | M23: 11 | N23: 12
B24: A | C24: STD1 | D24: STD5 | E24: SPL4 | F24: SPL8 | O24: Well ID
C25: 0 | D25: 200 | O25: Conc/Dil
B26: B | C26: STD1 | D26: STD5 | E26: SPL4 | F26: SPL8 | O26: Well ID
C27: 0 | D27: 200 | O27: Conc/Dil
B28: C | C28: STD2 | D28: SPL1 | E28: SPL5 | F28: SPL9 | O28: Well ID
C29: 50 | O29: Conc/Dil
B30: D | C30: STD2 | D30: SPL1 | E30: SPL5 | F30: SPL9 | O30: Well ID
C31: 50 | O31: Conc/Dil
B32: E | C32: STD3 | D32: SPL2 | E32: SPL6 | F32: SPL10 | O32: Well ID
C33: 100 | O33: Conc/Dil
B34: F | C34: STD3 | D34: SPL2 | E34: SPL6 | F34: SPL10 | O34: Well ID
C35: 100 | O35: Conc/Dil
B36: G | C36: STD4 | D36: SPL3 | E36: SPL7 | F36: BLK | O36: Well ID
C37: 150 | O37: Conc/Dil
B38: H | C38: STD4 | D38: SPL3 | E38: SPL7 | F38: BLK | O38: Well ID
C39: 150 | O39: Conc/Dil
A41: 500
A42: Actual Temperature: | B42: 26.1
A43: Actual Temperature: | B43: 26.1
A44: Actual Temperature: | B44: 26.1
A45: Actual Temperature: | B45: 26.1
A46: Actual Temperature: | B46: 26.1
B48: Well ID | C48: Well | D48: Conc/Dil | E48: 500 | F48: Count | G48: Mean | H48: Std Dev | I48: CV (%)
B49: BLK | C49: G4 | E49: 0.072 | F49: 2 | G49: 0.064 | H49: 0.012 | I49: 18.871
C50: H4 | E50: 0.055
B51: SPL1 | C51: C2 | E51: 0.392 | F51: 2 | G51: 0.399 | H51: 0.01 | I51: 2.587
C52: D2 | E52: 0.406
B53: SPL2 | C53: E2 | E53: 0.198 | F53: 2 | G53: 0.194 | H53: 0.005 | I53: 2.366
C54: F2 | E54: 0.191
B55: SPL3 | C55: G2 | E55: 0.114 | F55: 2 | G55: 0.122 | H55: 0.01 | I55: 8.381
C56: H2 | E56: 0.129
B57: SPL4 | C57: A3 | E57: 0.083 | F57: 2 | G57: 0.071 | H57: 0.017 | I57: 23.819
C58: B3 | E58: 0.059
B59: SPL5 | C59: C3 | E59: 0.21 | F59: 2 | G59: 0.209 | H59: 0.002 | I59: 0.947
C60: D3 | E60: 0.208
B61: SPL6 | C61: E3 | E61: 0.11 | F61: 2 | G61: 0.109 | H61: 0.002 | I61: 1.694
C62: F3 | E62: 0.107
B63: SPL7 | C63: G3 | E63: 0.075 | F63: 2 | G63: 0.077 | H63: 0.003 | I63: 4.319
C64: H3 | E64: 0.079
B65: SPL8 | C65: A4 | E65: 0.059 | F65: 2 | G65: 0.053 | H65: 0.01 | I65: 18.435
C66: B4 | E66: 0.046
B67: SPL9 | C67: C4 | E67: 0.534 | F67: 2 | G67: 0.53 | H67: 0.006 | I67: 1.095
C68: D4 | E68: 0.526
B69: SPL10 | C69: E4 | E69: 0.267 | F69: 2 | G69: 0.274 | H69: 0.01 | I69: 3.645
C70: F4 | E70: 0.281
B71: STD1 | C71: A1 | D71: 0 | E71: 0.055 | F71: 2 | G71: 0.054 | H71: 0.002 | I71: 3.95
C72: B1 | D72: 0 | E72: 0.052
B73: STD2 | C73: C1 | D73: 50 | E73: 0.216 | F73: 2 | G73: 0.215 | H73: 0.002 | I73: 0.954
C74: D1 | D74: 50 | E74: 0.213
B75: STD3 | C75: E1 | D75: 100 | E75: 0.353 | F75: 2 | G75: 0.353 | H75: 0.001 | I75: 0.2
C76: F1 | D76: 100 | E76: 0.354
B77: STD4 | C77: G1 | D77: 150 | E77: 0.526 | F77: 2 | G77: 0.539 | H77: 0.018 | I77: 3.4
C78: H1 | D78: 150 | E78: 0.552
B79: STD5 | C79: A2 | D79: 200 | E79: 0.615 | F79: 2 | G79: 0.616 | H79: 0 | I79: 0.069
C80: B2 | D80: 200 | E80: 0.616
A82: Blanked Data
A83: Actual Temperature: | B83: 26.1
B85: Well ID | C85: Well | D85: Conc/Dil | E85: 500 | F85: Blanked Data | G85: Count | H85: Mean | I85: Std Dev | J85: CV (%)
B86: BLK | C86: G4 | E86: 0.072 | F86: 0.008 | G86: 2 | H86: 0 | I86: 0.012 | J86: -1.7323821e+17
C87: H4 | E87: 0.055 | F87: -0.009
B88: SPL1 | C88: C2 | E88: 0.392 | F88: 0.328 | G88: 2 | H88: 0.335 | I88: 0.01 | J88: 3.078
C89: D2 | E89: 0.406 | F89: 0.343
B90: SPL2 | C90: E2 | E90: 0.198 | F90: 0.134 | G90: 2 | H90: 0.131 | I90: 0.005 | J90: 3.521
C91: F2 | E91: 0.191 | F91: 0.127
B92: SPL3 | C92: G2 | E92: 0.114 | F92: 0.051 | G92: 2 | H92: 0.058 | I92: 0.01 | J92: 17.617
C93: H2 | E93: 0.129 | F93: 0.065
B94: SPL4 | C94: A3 | E94: 0.083 | F94: 0.019 | G94: 2 | H94: 0.007 | I94: 0.017 | J94: 233.101
C95: B3 | E95: 0.059 | F95: -0.005
B96: SPL5 | C96: C3 | E96: 0.21 | F96: 0.147 | G96: 2 | H96: 0.145 | I96: 0.002 | J96: 1.362
C97: D3 | E97: 0.208 | F97: 0.144
B98: SPL6 | C98: E3 | E98: 0.11 | F98: 0.046 | G98: 2 | H98: 0.045 | I98: 0.002 | J98: 4.104
C99: F3 | E99: 0.107 | F99: 0.043
B100: SPL7 | C100: G3 | E100: 0.075 | F100: 0.011 | G100: 2 | H100: 0.013 | I100: 0.003 | J100: 25.082
C101: H3 | E101: 0.079 | F101: 0.016
B102: SPL8 | C102: A4 | E102: 0.059 | F102: -0.004 | G102: 2 | H102: -0.011 | I102: 0.01 | J102: -86.882
C103: B4 | E103: 0.046 | F103: -0.018
B104: SPL9 | C104: C4 | E104: 0.534 | F104: 0.47 | G104: 2 | H104: 0.466 | I104: 0.006 | J104: 1.244
C105: D4 | E105: 0.526 | F105: 0.462
B106: SPL10 | C106: E4 | E106: 0.267 | F106: 0.203 | G106: 2 | H106: 0.21 | I106: 0.01 | J106: 4.751
C107: F4 | E107: 0.281 | F107: 0.217
B108: STD1 | C108: A1 | D108: 0 | E108: 0.055 | F108: -0.009 | G108: 2 | H108: -0.01 | I108: 0.002 | J108: -21.213
C109: B1 | D109: 0 | E109: 0.052 | F109: -0.012
...
